source,destination,0,1,2,3,4,5,6,7,8,9,10,11,12,13,14,15,16,17,18,19,20
Nellore PS_765kV,Vijayawada PG (DCPC),Main Path : Nellore PS,Kadappa PG,CK Palli AP,Muddunuru RTPP,Anathapur AP,Gooty Ap,Somayajulapali AP,Kurnool AP(Nannur),SSLM RBPH,Sattenapalli AP,Vijayawada AP(nunna),,,,,,,,,,
Nellore PS_765kV,Vijayawada PG (DCPC),StandBy: Nellore PS,Kadappa PG,Chittor AP,THVLM,Kolar,SMHNL,Bidadi,Nelamangala,Hiriyur,Davangiri,Munirabad,Raichur RTPS,Manahub Nagar,N'Sagar,Tallapali AP,VTPS,Vijayawada AP,Vijayawada PG,,,
Vemagiri PS,Vijayawada PG (DCPC),Main Path: Vemagiri PS,Vijayawada PG2,Viajayawad PG1,,,,,,,,,,,,,,,,,,
Vemagiri PS,Vijayawada PG (DCPC),StandBy: Vemagiri PS,VemagIri Ap,Bommur Ap,Bhimidoulu AP,VTPS,Vijayawada AP(nunna),Viajayawad PG,,,,,,,,,,,,,,
Warangal PG,Vijayawada PG (DCPC),Main Path: Warangal PG,Warangal TS,Khammam TS,Khammam PG,Viajayawada PG,,,,,,,,,,,,,,,,
Warangal PG,Vijayawada PG (DCPC),StandBy: Warangal PG,Ramagundam NTPC,Rep 346,Ghanapur PG,Mamidipalli TS,SSLM LBPH,Kurnool AP(Nannur),SSLM RBPH,Sattenapalli AP,Vijayawada AP(nunna),Viajayawad PG1,,,,,,,,,,
NP Kunta 400kV & STATCOM,Vijayawada PG (DCPC),Main Path: Kadappa PG,CK Palli AP,Muddunuru RTPP,Anathapur AP,Gooty Ap,Somayajulapali AP,Kurnool AP(Nannur),SSLM RBPH,Sattenapalli AP,Vijayawada AP(nunna),,,,,,,,,,,
NP Kunta 400kV & STATCOM,Vijayawada PG (DCPC),StandBy: NP Kunta,Kadappa PG,Chittor AP,THVLM,Kolar,SMHNL,Bidadi,Nelamangala,Hiriyur,Davangiri,Munirabad,Raichur RTPS,Manahub Nagar,N'Sagar,Tallapali AP,VTPS,Vijayawada AP,Vijayawada PG,,,
Srikakulem PS,Gazuwaka PG (DCPC),Main Path: Srikakulam PS,Srikakulam Repeater,Vemagiri PS,Gajuwaka PG,,,,,,,,,,,,,,,,,
Srikakulem PS,Gazuwaka PG (DCPC),StandBy: Srikakulam PS,Srikakulam Repeater,VemagIri PS,VemagIri Ap,Bommur AP,Kakainada AP,Vishakhapatnam VSS,Gajuwaka PG,,,,,,,,,,,,,
Nizambad GIS,Ghanapur PG (DCPC,Main Path: Nizambad PS,Repeater Shadnagar,Maheshwaram PS,Ghanapur PG,,,,,,,,,,,,,,,,,
Nizambad GIS,Ghanapur PG (DCPC,Nizambad PS,Repeater Shadnagar,Maheshwaram PS,Maheshwaram TS,Mamidipalli TS,Ghanapur TS,Ghanapur PG,,,,,,,,,,,,,,
Maheshwaram PS,Ghanapur PG (DCPC,Main Path: Maheshwaram PS,Ghanapur PG,,,,,,,,,,,,,,,,,,,
Maheshwaram PS,Ghanapur PG (DCPC,StandBy: Maheshwaram PS,Maheshwaram TS,Mamidipalli TS,Ghanapur TS,Ghanapur PG,,,,,,,,,,,,,,,,
Kurnool 765kV,Gooty PG (DCPC),Main Path: Kurnool 765kV,Gooty PG,,,,,,,,,,,,,,,,,,,
Kurnool 765kV,Gooty PG (DCPC),StandBy: Kurnool 765kV,Raichur 765kv,Raichur RTPS,Mahabubnagar TS,N'Sagar PG,Tallapalli AP,SSLM RBPH,Kurnool AP,Somyajulapalli AP,Gooty AP,Gooty PG,,,,,,,,,,
Raichur 765kV,Gooty PG (DCPC),Main Path: Raichur 765kv,Kurnool 765kV,Gooty PG,,,,,,,,,,,,,,,,,,
Raichur 765kV,Gooty PG (DCPC),StandBy: Raichur 765kV,Raichur RTPS,Mahabubnagar TS,N'Sagar PG,Tallapalli AP,SSLM RBPH,Kurnool AP,Somyajulapalli AP,Gooty AP,Gooty PG,,,,,,,,,,,
Kadapa PG,Gooty PG (DCPC),Main Path: CK Palli AP,Muddunuru RTPP,Anathapur,Gooty Ap,,,,,,,,,,,,,,,,,
Kadapa PG,Gooty PG (DCPC),StandBy: Kadappa PG,Chittor AP,THVLM,Kolar,SMHNL,Bidadi,Nelamangala,Hiriyur,Davangiri,Munirabad,Raichur RTPS,Raichur 765kv,Kurnool 765kV,Gooty PG,,,,,,,
Simhadri_NTPC,SRLDC,Main Path: Simhadri NTPC,Vemagiri PS,VJA2,VJA1,Viajayawad AP,Satnepalli AP,SSLM RBPH AP,Kurnool AP(Nannur),Kurnool 765kV,Gooty PG,Pavudaga,Hiriyur,Nelemangala,Bidadi,SMNHL,,,,,,
Simhadri_NTPC,SRLDC,StandBy: Simhadri NTPC,Gajuwaka PG,Vishakhapatnam VSS,Kakinada AP,Bommur Ap,Bhimidoulu AP,VTPS,Tallapalli AP,Nagarjuna Sagar,Mahubabnagar,Raichur RTPS,Munirabad PG,Devangiri,Hiriyur,Nelemangala,Bidadi,SMNHL,SRLDC,,,
Ramagundam_NTPC,SRLDC,Main Path:  Ramagundam_NTPC,Repeater 346,Ghanapur PG,Mamidipalli TS,SSLM LBPH,Kurnool AP(Nannur),Kurnool 765kV,Gooty PG,Pavudaga,Hiriyur,Nelemangala,Bidadi,SMNHL,SRLDC,,,,,,,
Ramagundam_NTPC,SRLDC,StandBy: Ramagundam NTPC,Warangal PG,Warangal TS,Khammam TS,Khammam PG,Viajayawad PG1,Vijayawada AP,VTPS,Tallapalli AP,Nagarjuna Sagar,Mahubabnagar,Raichur RTPS,Munirabad PG,Devangiri,Hiriyur,Nelemangala,Bidadi,SMNHL,SRLDC,,
N'Sagar,SRLDC,N'Sagar,Raichur RTPP,Racihur 765kV,Kurnool 765kV,Gooty PG,Pavagada,Hiriyur,NLMGL,Bidadi,SMNHL,SRLDC,,,,,,,,,,
N'Sagar,NRLDC,N'Sagar,Tallapali ss,SSLM RBPH,Kurnool Ap,SSLM LBPH,Mamidipalli,Ghanapur TS,Ghanapur PG,Ramagundam NTPC,Bhadrwati,WR,NR,NRLDC,,,,,,,,
Munirabad PG,SRLDC,Munirabad PG,Raichur RTPP,Racihur 765kV,Kurnool 765kV,Gooty PG,Pavagada,Hiriyur,NLMGL,Bidadi,SMNHL,SRLDC,,,,,,,,,,
Munirabad PG,NRLDC,Munirabad PG,Raichur RTPP,N'Sagar,Tallapali ss,SSLM RBPH,Kurnool Ap,SSLM LBPH,Mamidipalli,Ghanapur TS,Ghanapur PG,Ramagundam NTPC,Bhadrwati,WR,NR,NRLDC,,,,,,
Gooty PG,SRLDC,Gooty PG,Pavagada,Hiriyur,NLMGL,Bidadi,SMNHL,SRLDC,,,,,,,,,,,,,,
Gooty PG,NRLDC,Gooty PG,Gooty Ap,Somayajulapali AP,Kurnool Ap,SSLM LBPH,Mamidipalli,Ghanapur TS,Ghanapur PG,Ramagundam NTPC,Bhadrwati,WR,NR,NRLDC,,,,,,,,
Viajaywada PG,SRLDC,Vijayawad PG,Viajayawad AP,Satnepalli AP,SSLM RBPH AP,Kurnool AP(Nannur),Kurnool 765kV,Gooty PG,Pavudaga,Hiriyur,Nelemangala,Bidadi,SMNHL,SRLDC,,,,,,,,
Viajaywada PG,NRLDC,Vijayawada PG,Khammam PG,Khammam TS,Warangal TS,Warangal PG,Ramagundam NTPC,Bhadrwati,WR,NR,NRLDC,,,,,,,,,,,
Khammam PG,SRLDC,Vijayawada PG,Viajayawad AP,Satnepalli AP,SSLM RBPH,Kurnool AP(Nannur),Kurnool 765kV,Gooty PG,Pavudaga,Hiriyur,Nelemangala,Bidadi,SMNHL,SRLDC,,,,,,,,
Khammam PG,NRLDC,Khammam PG,Khammam TS,Warangal TS,Warangal PG,Ramagundam NTPC,Bhadrwati,WR,NR,NRLDC,,,,,,,,,,,,
Nellore PG,SRLDC,Kadapa PG,CK Palli AP,Muddunuru RTPP,Anathapur,Gooty Ap,Gooty PG,Pavagada,Hiriyur,NLMGL,Bidadi,SMNHL,,,,,,,,,,
Nellore PG,NRLDC,Nellore PS,Kadappa PG,CK Palli AP,Muddunuru RTPP,Anathapur AP,Gooty Ap,Somayajulapali AP,Kurnool Ap,SSLM LBPH,Mamidipalli,Ghanapur TS,Ghanapur PG,Ramagundam NTPC,Bhadrwati,WR,NR,NRLDC,,,,
Kadapa 765kV,SRLDC,CK Palli AP,Muddunuru RTPP,Anathapur,Gooty Ap,Gooty PG,Pavagada,Hiriyur,NLMGL,Bidadi,SMNHL,,,,,,,,,,,
Kadapa 765kV,NRLDC,Kadappa PG,CK Palli AP,Muddunuru RTPP,Anathapur AP,Gooty Ap,Somayajulapali AP,Kurnool Ap,SSLM LBPH,Mamidipalli,Ghanapur TS,Ghanapur PG,Ramagundam NTPC,Bhadrwati,WR,NR,NRLDC,,,,,
Ghanapur PG,SRLDC,Ghanapur PG,Mamidipalli TS,SSLM LBPH,Kurnool AP(Nannur),Kurnool 765kV,Gooty PG,Pavudaga,Hiriyur,Nelemangala,Bidadi,SMNHL,SRLDC,,,,,,,,,
Ghanapur PG,NRLDC,Ghanapur PG,Ramagundam NTPC,Bhadrwati,WR,NR,NRLDC,,,,,,,,,,,,,,,
NP Kunta 400kV_Solar,NRLDC,Kadapa PG,CK Palli AP,Muddunuru RTPP,Anathapur,Gooty Ap,Gooty PG,Pavagada,Hiriyur,NLMGL,Bidadi,SMNHL,,,,,,,,,,
NP Kunta 400kV_Solar,NRLDC,Kadappa PG,CK Palli AP,Muddunuru RTPP,Anathapur AP,Gooty Ap,Somayajulapali AP,Kurnool Ap,SSLM LBPH,Mamidipalli,Ghanapur TS,Ghanapur PG,Ramagundam NTPC,Bhadrwati,WR,NR,NRLDC,,,,,
Ramagundam_NTPC_Solar,SRLDC,Repeater 346,Ghanapur PG,Mamidipalli TS,SSLM LBPH,Kurnool AP(Nannur),Kurnool 765kV,Gooty PG,Pavudaga,Hiriyur,Nelemangala,Bidadi,SMNHL,,,,,,,,,
Ramagundam_NTPC_Solar,NRLDC,Ramagundam NTPC,Bhadrwati,WR,NR,NRLDC,,,,,,,,,,,,,,,,
C'PETA,SRLDC,C'PETA,Satnepalli AP,SSLM RBPH AP,Kurnool AP(Nannur),Kurnool 765kV,Gooty PG,Pavudaga,Hiriyur,Nelemangala,Bidadi,SMNHL,,,,,,,,,,
C'PETA,NRLDC,Vijayawada PG,Khammam PG,Khammam TS,Warangal TS,Warangal PG,Ramagundam NTPC,Bhadrwati,WR,NR,NRLDC,,,,,,,,,,,
Vijayawada PG (DCPC),SRLDC,Vijayawad PG,Viajayawad AP,Satnepalli AP,SSLM RBPH AP,Kurnool AP(Nannur),Kurnool 765kV,Gooty PG,Pavudaga,Hiriyur,Nelemangala,Bidadi,SMNHL,SRLDC,,,,,,,,
Gazuwaka PG (DCPC),SRLDC,Gajuwaka PG,Vishakhapatnam VSS,Kakinada AP,Bommur Ap,Bhimidoulu AP,VTPS,Tallapalli AP,Nagarjuna Sagar,Mahubabnagar,Raichur RTPS,Munirabad PG,Devangiri,Hiriyur,Nelemangala,Bidadi,SMNHL,SRLDC,,,,
Ghanapur PG (DCPC,SRLDC,Ghanapur PG,Mamidipalli TS,SSLM LBPH,Kurnool AP(Nannur),Kurnool 765kV,Gooty PG,Pavudaga,Hiriyur,Nelemangala,Bidadi,SMNHL,SRLDC,,,,,,,,,
Gooty PG (DCPC),SRLDC,Gooty PG,Pavagada,Hiriyur,NLMGL,Bidadi,SMNHL,SRLDC,,,,,,,,,,,,,,
Nellore PG,SRLDC,Nellore PG,Alamaty,Sriparembadur,Chittore,Thiruvallem,Kolar,Somanhalli,SRLDC,,,,,,,,,,,,,
Nellore PS_765kV,SRLDC,Nellore PS _Kadapa PG,Chittore,Thiruvallem,Kolar,Somanhalli,SRLDC,,,,,,,,,,,,,,,
Kadapa PG,SRLDC,Kadapa PG,Chittore,Thiruvallem,Kolar,Somanhalli,SRLDC,,,,,,,,,,,,,,,
NP Kunta,SRLDC,NP Kunta,Kadapa PG,Chittore,Thiruvallem,Kolar,Somanhalli,SRLDC,,,,,,,,,,,,,,
Gooty PG,SRLDC,Gooty PG,Kurnool 765kV,Raichur 765kV,Raichur RTPS,Munirabad PG,Hiryur,Nellamangangala,Bidadi,SMNHL,SRLDC,,,,,,,,,,,
Kurnool 765kV,SRLDC,Kurnool 765kV,Raichur 765kV,Raichur RTPS,Munirabad PG,Hiryur,Nellamangangala,Bidadi,SMNHL,SRLDC,,,,,,,,,,,,
Raichur 765kV,SRLDC,Raichur 765kV,Raichur RTPS,Munirabad PG,Hiryur,Nellamangangala,Bidadi,SMNHL,SRLDC,,,,,,,,,,,,,
Munirabad PG,SRLDC,Munirabad PG,Hiryur,Nellamangangala,Bidadi,SMNHL,SRLDC,,,,,,,,,,,,,,,
Nagarjun sagar PG,SRLDC,Nagarjuna Sagar PG,MahabubNagar,Raichur RTPS,Munirabad PG,Hiryur,Nellamangangala,Bidadi,SMNHL,SRLDC,,,,,,,,,,,,
Gajuwaka PG,SRLDC,Gajuwaka PG,Kakinada,VTPS,Tallapalli,Nagarjuna Sagar PG,MahabubNagar,Raichur RTPS,Munirabad PG,Hiryur,Nellamangangala,Bidadi,SMNHL,SRLDC,,,,,,,,
Simhadri_NTPC,SRLDC,Simhadri NTPC,Vizag PG,Kakinada,VTPS,Tallapalli,Nagarjuna Sagar PG,MahabubNagar,Raichur RTPS,Munirabad PG,Hiryur,Nellamangangala,Bidadi,SMNHL,SRLDC,,,,,,,
Vijayawada PG,SRLDC,Vijayawada PG,Nunna AP,SSLM RBPH,Nannur AP,Kurnool 765kV,Gooty,Pavada,Hiryur,Nellamangangala,Bidadi,SMNHL,SRLDC,,,,,,,,,
Khammam PG,SRLDC,Khammam PG,Vijayawada PG,Nunna AP,SSLM RBPH,Nannur AP,Kurnool 765kV,Gooty,Pavada,Hiryur,Nellamangangala,Bidadi,SMNHL,SRLDC,,,,,,,,
Warangal PG,SRLDC,Warangal PG,Warangal TS,Khammam TS,Khammam PG,Vijayawada PG,Nunna AP,SSLM RBPH,Nannur AP,Kurnool 765kV,Gooty,Pavada,Hiryur,Nellamangangala,Bidadi,SMNHL,SRLDC,,,,,
Ghanapur PG,SRLDC,Ghanapur PG,Ghanapur TS,Mamaidpalli,SSLM LBPH,Nannur AP,Kurnool 765kV,Gooty,Pavada,Hiryur,Nellamangangala,Bidadi,SMNHL,SRLDC,,,,,,,,
Ramagundam NTPC,SRLDC,Ramagundam NTPC,Ghanapur PG,Ghanapur TS,Mamaidpalli,SSLM LBPH,Nannur AP,Kurnool 765kV,Gooty,Pavada,Hiryur,Nellamangangala,Bidadi,SMNHL,SRLDC,,,,,,,
Maheshwaram PS,SRLDC,Maheshwaram PS,Ghanapur PG,Ghanapur TS,Mamaidpalli,SSLM LBPH,Nannur AP,Kurnool 765kV,Gooty,Pavada,Hiryur,Nellamangangala,Bidadi,SMNHL,SRLDC,,,,,,,
Srikakulem PS,SRLDC,Srikakulem PS,Vemagriri PS,Vijayawada PG,Nunna AP,SSLM RBPH,Nannur AP,Kurnool 765kV,Gooty,Pavada,Hiryur,Nellamangangala,Bidadi,SMNHL,SRLDC,,,,,,,
Vemagiri PS,SRLDC,Vizag PG,Kakinada,VTPS,Tallapalli,Nagarjuna Sagar PG,MahabubNagar,Raichur RTPS,Munirabad PG,Hiryur,Nellamangangala,Bidadi,SMNHL,SRLDC,,,,,,,,
Nagapattanam (main),MADURAI PG-DCPC,"Nagapattanam, Trichy, Karaiudi, Madurai",,,,,,,,,,,,,,,,,,,,
Nagapattanam (stdby),MADURAI PG-DCPC,"Nagapattanam, Neyvelli TS1","exp, Neyvelli TS2_1, Neyvelli TS2","exp, Puguluru, Trichy, Karaiudi, Madurai",,,,,,,,,,,,,,,,,,
Tuticorin PG,MADURAI PG-DCPC,"Tuticorin, Madurai",,,,,,,,,,,,,,,,,,,,
Karaikudi PG,MADURAI PG-DCPC,"Karaikudi, Madurai",,,,,,,,,,,,,,,,,,,,
Tirunelveli,MADURAI PG-DCPC,"Tirunelveli, Madurai",,,,,,,,,,,,,,,,,,,,
Kundankulam,MADURAI PG-DCPC,"Kudankulam, Tirunelveli, Madurai",,,,,,,,,,,,,,,,,,,,
Trichy,MADURAI PG-DCPC,"Trichy, Karaikudi, Madurai",,,,,,,,,,,,,,,,,,,,
Kaiga (main),NARENDRA PG-DCPC,"Kaiga, Narendra",,,,,,,,,,,,,,,,,,,,
Kaiga (stdby),NARENDRA PG-DCPC,"Kaiga, Davangere,  Narendra",,,,,,,,,,,,,,,,,,,,
Karur (main),PONDY PG-DCPC,"Pugalur, Neyvelli, Pondy",,,,,,,,,,,,,,,,,,,,
Karur (stdby),PONDY PG-DCPC,"Pondy, Sriperambduru, Chottor, Kadapa, CK pally, Muddanuru, Ananthapura Gooty, Pavagada, Hiriyuru, Nelamangala, Mysore, Kozhikode, Trichuru, Palakkad, Udumalpet, Salem,Dharmapuri, Nagapattanam, Trichy, Pugalur",,,,,,,,,,,,,,,,,,,,
NLC TS2 Exp (main),PONDY PG-DCPC,Neyvelli,TS,"2exp, Neyvelli  TS","2_1, Neyvelli  TS","2_2, Pondy",,,,,,,,,,,,,,,,
NLC TS2 Exp (stdby),PONDY PG-DCPC,Neyvelli,"TS1exp, Nagapattanam, Dharmapuri, Salem, Udumalpet, Palakad, Truchur, Kozhikode, Mysuru, Nelamangala, Hiriyuru, Pavagada, Gooty, Ananthpur, Muddanuru, CK pally, Kadapa, Chittor, Sriperambadur, Pondy",,,,,,,,,,,,,,,,,,,
NLC TS1 Exp (main),PONDY PG-DCPC,Neyvelli,"TS1exp, Neyvelli","TS2_1, Neyvelli","TS2_2, Pondy",,,,,,,,,,,,,,,,,
NLC TS1 Exp (stdby),PONDY PG-DCPC,Neyvelli,"TS1exp, Nagapattanam, Dharmapuri, Salem, Udumalpet, Palakad, Truchur, Kozhikode, Mysuru, Nelamangala, Hiriyuru, Pavagada, Gooty, Ananthpur, Muddanuru, CK pally, Kadapa, Chittor, Sriperambadur, Pondy",,,,,,,,,,,,,,,,,,,
NLC TS2 (main),PONDY PG-DCPC,"Neyvelli TS2_1, Neyvelli","TS1exp, Neyvelli","TS2_1, Neyvelli","TS2_2, Pondy",,,,,,,,,,,,,,,,,
NLC TS2 (stdby),PONDY PG-DCPC,"Neyvelli TS2_1, Neyvelli","TS1exp, Nagapattanam, Dharmapuri, Salem, Udumalpet, Palakad, Truchur, Kozhikode, Mysuru, Nelamangala, Hiriyuru, Pavagada, Gooty, Ananthpur, Muddanuru, CK pally, Kadapa, Chittor, Sriperambadur, Pon",,,,,,,,,,,,,,,,,,,
Arasur (main),SALEM PG-DCPC,"Arasur, Udumalpet, Salem",,,,,,,,,,,,,,,,,,,,
Arasur (stdby),SALEM PG-DCPC,"Arasur, MTPS, Salem",,,,,,,,,,,,,,,,,,,,
Hosur (main),Hosur,"Hosur, Salem",,,,,,,,,,,,,,,,,,,,
Hosur (stdby),Hosur,"Hosur, Kolar, Thiruvalam, Chittore, Sriperembdur, Pondy, Neyvelli, Nagapattanam, Dharmapuri, Salem",,,,,,,,,,,,,,,,,,,,
Dharmapuri (main),SALEM PG-DCPC,"Dharmapuri, Salem",,,,,,,,,,,,,,,,,,,,
Udumalpet (main),SALEM PG-DCPC,"Udumalpet, Salem",,,,,,,,,,,,,,,,,,,,
Udumalpet (stdby),SALEM PG-DCPC,"Udumalpet, Arasur, MTPS, Salem",,,,,,,,,,,,,,,,,,,,
Hassan (main),SOMANAHALLI PG-DCPC,"Nelmangala, Bidadi",,,,,,,,,,,,,,,,,,,,
Hassan (stdby),SOMANAHALLI PG-DCPC,"Mysore, Kozikode, Trichuru, Palakad, Udumalpet, Salem, Hosur",,,,,,,,,,,,,,,,,,,,
Kolar HVDC (main),SOMANAHALLI PG-DCPC,"Kolar, Somanahalli",,,,,,,,,,,,,,,,,,,,
Kolar HVDC (stdby),SOMANAHALLI PG-DCPC,"Kolar, Hosur, Somanahalli",,,,,,,,,,,,,,,,,,,,
Kolar HVAC (main),SOMANAHALLI PG-DCPC,"Kolar, Somanahalli",,,,,,,,,,,,,,,,,,,,
Kolar HVAC (stdby),SOMANAHALLI PG-DCPC,"Kolar, Hosur, Somanahalli",,,,,,,,,,,,,,,,,,,,
Pavagada (main),SOMANAHALLI PG-DCPC,"Gooty, Ananthpur, Muddanur, CK pally, Kadapa, Chittor, Sriperambaduru, pondy, Neyveli, Nagapattanam, Dharmapuri, Salem, Hosuru, Somanahalli, SRLDC",,,,,,,,,,,,,,,,,,,,
Pavagada (stdby),SOMANAHALLI PG-DCPC,"Hiriyuru, Nelamangala, Bidadi",,,,,,,,,,,,,,,,,,,,
Hiriyur (main),SOMANAHALLI PG-DCPC,"Hiriyuru, Nelamangala, Bidadi, Somanahalli",,,,,,,,,,,,,,,,,,,,
Hiriyur (stdby),SOMANAHALLI PG-DCPC,"Pavagada, Gooty, Ananthpur, Muddanur, CK pally, Kadapa, Chittor, Sriperambaduru, pondy, Neyveli, Nagapattanam, Dharmapuri, Salem, Hosuru, Somanahalli",,,,,,,,,,,,,,,,,,,,
Yelahanka (main),SOMANAHALLI PG-DCPC,"Yelahanka, Nelamangala, Bidadi, Somanahalli",,,,,,,,,,,,,,,,,,,,
Yelahanka (stdby),SOMANAHALLI PG-DCPC,"Yelahanka, Hoody, Kolar,  Somanahalli",,,,,,,,,,,,,,,,,,,,
Tumkur (main),SOMANAHALLI PG-DCPC,"Tumkuru, Kolar,  Somanahalli",,,,,,,,,,,,,,,,,,,,
Tumkur (stdby,SOMANAHALLI PG-DCPC,"Tumkur, HB halli, Kudgi, Narendra, Davangere, Hiriyur, Nelamangala, Bidadi, Somanahalli",,,,,,,,,,,,,,,,,,,,
Mysore PG (main),SOMANAHALLI PG-DCPC,"Hassan, Nelmangala, Bidadi",,,,,,,,,,,,,,,,,,,,
Mysore PG (stdby),SOMANAHALLI PG-DCPC,"Kozikode, Trichuru, Palakad, Udumalpet, Salem, Hosur",,,,,,,,,,,,,,,,,,,,
Bidadi (main),SOMANAHALLI PG-DCPC,"Bidadi, Somanahalli",,,,,,,,,,,,,,,,,,,,
Bidadi (stdby,SOMANAHALLI PG-DCPC,"Bidadi, NLMGL, Hiriyur, Pavagada, Tumkur, Kolar, Somanahalli",,,,,,,,,,,,,,,,,,,,
Thiruvalam (main),SRIPERAMBDUR PG-DCPC,"Thiruvalam, Chittor, Sriperumbdur",,,,,,,,,,,,,,,,,,,,
Thiruvalam (stdby),SRIPERAMBDUR PG-DCPC,"Thiruvalam, Kolar, Dharmapuri, Nagapattanam, Neyvelli, Pondy, Sriperumbdur",,,,,,,,,,,,,,,,,,,,
Vallur NTPC (main),SRIPERAMBDUR PG-DCPC,"Vallur, Alamatty, Sriperumbdur",,,,,,,,,,,,,,,,,,,,
Vallur NTPC (stdby0,SRIPERAMBDUR PG-DCPC,"Vallur, Alamatty, Repeater, Nellore, Kadapa, Chittor, Sriperumbdur",,,,,,,,,,,,,,,,,,,,
Kalvinthapattu  (main),SRIPERAMBDUR PG-DCPC,"Kalvintapattu, Sriperumbdur",,,,,,,,,,,,,,,,,,,,
Kalvinthapattu  (stdby),SRIPERAMBDUR PG-DCPC,"Kalvintapattu, Bhavani, Pondy, Sriperumbdur",,,,,,,,,,,,,,,,,,,,
Kalpakkam (main),SRLDC-DCPC,"Pondy, Neyvelli, Nagapattanam, Dharmapuri, Salem, Hosur, Kolar, Somanahalli",,,,,,,,,,,,,,,,,,,,
Kalpakkam (stdby),SRLDC-DCPC,"Chittor, Kadapa, CK pally, Muddanuru, Ananthapura, Gooty, Kurnul, Raichur, Munirabad, Davanagere, Hiriyuru, Nelamangala, Bidadi",,,,,,,,,,,,,,,,,,,,
Coastal (main),SRLDC-DCPC,"Tuticorin, Madhurai, Karaikudi, Trichy, Nagapattanam, Dharmapuri, Salem, Hosur, Kolar, SMNHL, SRLDC",,,,,,,,,,,,,,,,,,,,
Coastal (stdby),SRLDC-DCPC,"Madhurai, Tirunelveli, Thrivandram, Pothencode, Edaman, Kundara, Edappan, Pallon, KRL, Bharampuram, Kalamassery, Cochin, Trichuru, Kozhikode, Mysore, Nelamangala, Bidadi",,,,,,,,,,,,,,,,,,,,
NTPL (main),SRLDC-DCPC,"Tuticorin, Madhurai, Karaikudi, Trichy, Nagapattanam, Dharmapuri, Salem, Hosur, Kolar, SMNHL, SRLDC",,,,,,,,,,,,,,,,,,,,
NTPL (stdby),SRLDC-DCPC,"Madhurai, Tirunelveli, Thrivandram, Pothencode, Edaman, Kundara, Edappan, Pallon, KRL, Bharampuram, Kalamassery, Cochin, Trichuru, Kozhikode, Mysore, Nelamangala, Bidadi",,,,,,,,,,,,,,,,,,,,
NNTPS (main),SRLDC-DCPC,"Karaikudi, Thrichy, Nagapattanam, Dharmapuri, Salem, Hosur, Kolar, Somanahalli",,,,,,,,,,,,,,,,,,,,
NNTPS (stdby),SRLDC-DCPC,"Puguluru, Trichy, Karaikudi, Madhurai, Tirunelveli, Thrivandram, Pothencode, Edaman, Kundara, Edappan, Pallon, KRL, Bharampuram, Kalamassery, Cochin, Trichuru, Kozhikode, Mysore, Nelamangala, Bidadi",,,,,,,,,,,,,,,,,,,,
ILFS (main),SRLDC-DCPC,"Nagapattanam, Dharmapuri, Salem, Hosur, Kolar, Somanahalli",,,,,,,,,,,,,,,,,,,,
ILFS (stdby),SRLDC-DCPC,"Nagapattanam, Trichy, Karaikudi, Madhurai, Tirunelveli, Thrivandram, Pothencode, Edaman, Kundara, Edappan, Pallon, KRL, Bharampuram, Kalamassery, Cochin, Trichuru, Kozhikode, Mysore, Nelamangala, Bidadi",,,,,,,,,,,,,,,,,,,,
Kudgi 765kv PG,SRLDC,Kudgi,Narendra,Davangere,Hiriyur,NLMNGL,Bidadi,SMNHL,SRLDC,,,,,,,,,,,,,
Kudgi 765kv PG,NRLDC,Kudgi,Narendra,Davangere,Munirabad,Raichur,Kurnool Ap,SSLM LBPH,Mamidipalli,Ghanapur TS,Ghanapur PG,Ramagundam NTPC,Bhadrwati,WR,NR,NRLDC,,,,,,
Kudgi NTPC,SRLDC,Kudgi NTPC,Kudgi,Narendra,Davangere,Hiriyur,NLMNGL,Bidadi,SMNHL,SRLDC,,,,,,,,,,,,
Kudgi NTPC,NRLDC,Kudgi NTPC,Kudgi,Narendra,Davangere,Munirabad,Raichur,Kurnool Ap,SSLM LBPH,Mamidipalli,Ghanapur TS,Ghanapur PG,Ramagundam NTPC,Bhadrwati,WR,NR,NRLDC,,,,,
Vallur NTPC,SRLDC,"Vallur, Alamatty, Sriperumbdur, Chittor, THVLM, Kolar, SMNHL, SRLDC",,,,,,,,,,,,,,,,,,,,
Vallur NTPC,NRLDC,"Vallur, Alamatty, Repeater, Nellore, Kadapa, CK Pally, Muddanur, Ananthpur, Gooty, Somayajulapalli, Nannur, SSLM LBPH",Mamidipalli,Ghanapur TS,Ghanapur PG,Ramagundam NTPC,Bhadrwati,WR,NR,NRLDC,,,,,,,,,,,,
Tuticorin GIS,SRLDC,"GIS Tuticorin, Madurai, Karaikudi, Trichy, Nagapattanam, Dharmapuri, Salem, Hosur, SMNHL, SRLDC",,,,,,,,,,,,,,,,,,,,
Tuticorin GIS,NRLDC,"GIS Tuticorin, Madurai, Karaikudi, Trichy, Nagapattanam, NLC TS1 Exp,NLC TS1, Pondy, Sripermbdur, Chittor, Kadapa, CK Pally, Muddanur, Ananthpur, Gooty, Somayajulapalli, Nannur, SSLM LBPH",Mamidipalli,Ghanapur TS,Ghanapur PG,Ramagundam NTPC,Bhadrwati,WR,NR,NRLDC,,,,,,,,,,,,
Maniyachi(Mythra),SRLDC,"Maniyachi, GIS Tuticorin, Madurai, Karaikudi, Trichy, Nagapattanam, Dharmapuri, Salem, Hosur, SMNHL, SRLDC",,,,,,,,,,,,,,,,,,,,
Maniyachi(Mythra),NRLDC,"Maniyachi, GIS Tuticorin, Madurai, Karaikudi, Trichy, Nagapattanam, NLC TS1 Exp,NLC TS1, Pondy, Sripermbdur, Chittor, Kadapa, CK Pally, Muddanur, Ananthpur, Gooty, Somayajulapalli, Nannur, SSLM LBPH",Mamidipalli,Ghanapur TS,Ghanapur PG,Ramagundam NTPC,Bhadrwati,WR,NR,NRLDC,,,,,,,,,,,,
Chandragiri,SRLDC,"Chandragiri, GIS Tuticorin, Madurai, Karaikudi, Trichy, Nagapattanam, Dharmapuri, Salem, Hosur, SMNHL, SRLDC",,,,,,,,,,,,,,,,,,,,
Chandragiri,NRLDC,"Chandragiri, GIS Tuticorin, Madurai, Karaikudi, Trichy, Nagapattanam, NLC TS1 Exp,NLC TS1, Pondy, Sripermbdur, Chittor, Kadapa, CK Pally, Muddanur, Ananthpur, Gooty, Somayajulapalli, Nannur, SSLM LBPH",Mamidipalli,Ghanapur TS,Ghanapur PG,Ramagundam NTPC,Bhadrwati,WR,NR,NRLDC,,,,,,,,,,,,
Poovani(Orange),SRLDC,"Poovani, GIS Tuticorin, Madurai, Karaikudi, Trichy, Nagapattanam, Dharmapuri, Salem, Hosur, SMNHL, SRLDC",,,,,,,,,,,,,,,,,,,,
Poovani(Orange),NRLDC,"Poovani, GIS Tuticorin, Madurai, Karaikudi, Trichy, Nagapattanam, NLC TS1 Exp,NLC TS1, Pondy, Sripermbdur, Chittor, Kadapa, CK Pally, Muddanur, Ananthpur, Gooty, Somayajulapalli, Nannur, SSLM LBPH",Mamidipalli,Ghanapur TS,Ghanapur PG,Ramagundam NTPC,Bhadrwati,WR,NR,NRLDC,,,,,,,,,,,,
Hosur PG,SRLDC,"Hosur, SMNHL, SRLDC",,,,,,,,,,,,,,,,,,,,
Hosur PG,NRLDC,"Hosur,Kolar, Tumkur, Pavagada, Gooty, Somayajulapalli, Nannur, SSLM LBPH",Mamidipalli,Ghanapur TS,Ghanapur PG,Ramagundam NTPC,Bhadrwati,WR,NR,NRLDC,,,,,,,,,,,,
Udumalpet PG,SRLDC,"Udumalpet, Salem, Hosur, SMNHL, SRLDC",,,,,,,,,,,,,,,,,,,,
Udumalpet PG,NRLDC,"Udumalpet, Pugulur, Salem, Dharmapuri, Hoody, Kolar, Tumkur, Pavagada, Gooty, Somayajulapalli, Nannur, SSLM LBPH",Mamidipalli,Ghanapur TS,Ghanapur PG,Ramagundam NTPC,Bhadrwati,WR,NR,NRLDC,,,,,,,,,,,,
Salem PG,SRLDC,"Salem, Hosur, SMNHL, SRLDC",,,,,,,,,,,,,,,,,,,,
Salem PG,NRLDC,"Salem, Dharmapuri, Hoody, Kolar, Tumkur, Pavagada, Gooty, Somayajulapalli, Nannur, SSLM LBPH",Mamidipalli,Ghanapur TS,Ghanapur PG,Ramagundam NTPC,Bhadrwati,WR,NR,NRLDC,,,,,,,,,,,,
Sriperambdur PG,SRLDC,"Sriperumbdur, Chittor, THVLM, Kolar, SMNHL, SRLDC",,,,,,,,,,,,,,,,,,,,
Sriperambdur PG,NRLDC,"Sriperambdur, Pondy, NLC TS2, Nagapattanam, Dharmapuri, Salem, Dharmapuri, Hoody, Kolar, Tumkur, Pavagada, Gooty, Somayajulapalli, Nannur, SSLM LBPH",Mamidipalli,Ghanapur TS,Ghanapur PG,Ramagundam NTPC,Bhadrwati,WR,NR,NRLDC,,,,,,,,,,,,
Somanahalli PG,SRLDC,"SMNHL, SRLDC",,,,,,,,,,,,,,,,,,,,
Somanahalli PG,NRLDC,"SMNHL, Kolar, Tumkur, Pavagada, Gooty, Somayajulapalli, Nannur, SSLM LBPH",Mamidipalli,Ghanapur TS,Ghanapur PG,Ramagundam NTPC,Bhadrwati,WR,NR,NRLDC,,,,,,,,,,,,
Mysore PG,SRLDC,"Mysore, NLMNGL, Bidadi, SMNHL, SRLDC",,,,,,,,,,,,,,,,,,,,
Mysore PG,NRLDC,"Mysore, Kozhikode, Trichur, Palakkad, Udumalpet, Salem, Dharmapuri, Hoody, Kolar, Tumkur, Pavagada, Gooty, Somayajulapalli, Nannur, SSLM LBPH",Mamidipalli,Ghanapur TS,Ghanapur PG,Ramagundam NTPC,Bhadrwati,WR,NR,NRLDC,,,,,,,,,,,,
Trichur PG,SRLDC,"Trichur, Kozhikode, Mysore, NLMNGL, Bidadi, SMNHL, SRLDC",,,,,,,,,,,,,,,,,,,,
Trichur PG,NRLDC,"Trichur, Palakkad, Udumalpet, Salem, Dharmapuri, Hoody, Kolar, Tumkur, Pavagada, Gooty, Somayajulapalli, Nannur, SSLM LBPH",Mamidipalli,Ghanapur TS,Ghanapur PG,Ramagundam NTPC,Bhadrwati,WR,NR,NRLDC,,,,,,,,,,,,
Trichy PG,SRLDC,"Trichy, Nagapattanam, Dharmapuri, Salem, Hosur, SMNHL, SRLDC",,,,,,,,,,,,,,,,,,,,
Trichy PG,NRLDC,"Trichy, Nagapattanam, NLC TS1 Exp,NLC TS1, Pondy, Sripermbdur, Chittor, THVLM, Kolar, Tumkur, Pavagada, Gooty, Somayajulapalli, Nannur, SSLM LBPH",Mamidipalli,Ghanapur TS,Ghanapur PG,Ramagundam NTPC,Bhadrwati,WR,NR,NRLDC,,,,,,,,,,,,
Madurai PG,SRLDC,"Madurai, Karaikudi, Trichy, Nagapattanam, Dharmapuri, Salem, Hosur, SMNHL, SRLDC",,,,,,,,,,,,,,,,,,,,
Madurai PG,NRLDC,"Madurai, Karaikudi,Trichy, Nagapattanam, NLC TS1 Exp,NLC TS1, Pondy, Sripermbdur, Chittor, THVLM, Kolar, Tumkur, Pavagada, Gooty, Somayajulapalli, Nannur, SSLM LBPH",Mamidipalli,Ghanapur TS,Ghanapur PG,Ramagundam NTPC,Bhadrwati,WR,NR,NRLDC,,,,,,,,,,,,
Trivendrum PG,SRLDC,"Trivendrum, Tirunelveli, Madurai, Karaikudi, Trichy, Nagapattanam, Dharmapuri, Salem, Hosur, SMNHL, SRLDC",,,,,,,,,,,,,,,,,,,,
Trivendrum PG,NRLDC,"Trivendrum, Tirunelveli, Madurai, Karaikudi, Trichy, Nagapattanam, NLC TS1 Exp,NLC TS1, Pondy, Sripermbdur, Chittor, THVLM, Kolar, Tumkur, Pavagada, Gooty, Somayajulapalli, Nannur, SSLM LBPH",Mamidipalli,Ghanapur TS,Ghanapur PG,Ramagundam NTPC,Bhadrwati,WR,NR,NRLDC,,,,,,,,,,,,
SALEM PG,SRLDC,"Salem, SRLDC",,,,,,,,,,,,,,,,,,,,
SALEM PG,SRLDC,"Salem, Trichur, Madurai, Pondy, Sripermbdur, Gooty, Vijayawada, Vizag, Ghanapura, Narendra, SMNHL, SRLDC",,,,,,,,,,,,,,,,,,,,
TRICHUR PG,SRLDC,"Trichur, Salem, SRLDC",,,,,,,,,,,,,,,,,,,,
TRICHUR PG,SRLDC,"Salem, Trichur, Madurai, Pondy, Sripermbdur, Gooty, Vijayawada, Vizag, Ghanapura, Narendra, SMNHL, SRLDC",,,,,,,,,,,,,,,,,,,,
Madurai PG,SRLDC,"Madurai, Trichur, Salem, SRLDC",,,,,,,,,,,,,,,,,,,,
Madurai PG,SRLDC,", Madurai, Pondy, Sripermbdur, Gooty, Vijayawada, Vizag, Ghanapura, Narendra, SMNHL, SRLDC",,,,,,,,,,,,,,,,,,,,
PONDY PG,SRLDC,"Pondy, Madurai, Trichur, Salem, SRLDC",,,,,,,,,,,,,,,,,,,,
PONDY PG,SRLDC,"Pondy, Sripermbdur, Gooty, Vijayawada, Vizag, Ghanapura, Narendra, SMNHL, SRLDC",,,,,,,,,,,,,,,,,,,,
Sriperambdur PG,SRLDC,"Sripermbdur, Pondy, Madurai, Trichur, Salem, SRLDC",,,,,,,,,,,,,,,,,,,,
Sriperambdur PG,SRLDC,"Sripermbdur, Gooty, Vijayawada, Vizag, Ghanapura, Narendra, SMNHL, SRLDC",,,,,,,,,,,,,,,,,,,,
NARENDRA PG,SRLDC,"Narendra, SMNHAL, SRLDC",,,,,,,,,,,,,,,,,,,,
NARENDRA PG,SRLDC,"Narendra, Ghanapura, Vizag, Vijayawada, Gooty, Sriperambdur, Pondy, Madurai, Trichur, Salem, SRLDC",,,,,,,,,,,,,,,,,,,,
Somanahalli PG,SRLDC,"SMNHL, SRLDC",,,,,,,,,,,,,,,,,,,,
Somanahalli PG,SRLDC,"SMNHL, Narendra, Ghanapura, Vizag, Vijayawada, Gooty, Sriperambdur, Pondy, Madurai, Trichur, Salem, SRLDC",,,,,,,,,,,,,,,,,,,,
SRLDC,SRLDC,SRLDC (DCPC Installed in SRLDC only),,,,,,,,,,,,,,,,,,,,
Somanahalli PG,SRLDC,"SMNHL, SRLDC",,,,,,,,,,,,,,,,,,,,
Hosur PG,SRLDC,"Hosur, SMNHL, SRLDC",,,,,,,,,,,,,,,,,,,,
SALEM PG,SRLDC,"Salem, Hosur, SMNHL, SRLDC",,,,,,,,,,,,,,,,,,,,
Udumalpet PG,SRLDC,"Udumalpet, Salem, Hosur, SMNHL, SRLDC",,,,,,,,,,,,,,,,,,,,
TRICHUR PG,SRLDC,"Trichur, Palakkad, Udumalpet, Salem, Hosur, SMNHL, SRLDC",,,,,,,,,,,,,,,,,,,,
COCHIN PG,SRLDC,"Cochin, Trichur, Palakkad, Udumalpet, Salem, Hosur, SMNHL, SRLDC",,,,,,,,,,,,,,,,,,,,
Kozhikode PG,SRLDC,"Kozhikode, Cochin, Trichur, Palakkad, Udumalpet, Salem, Hosur, SMNHL, SRLDC",,,,,,,,,,,,,,,,,,,,
Mysore PG,SRLDC,"Mysore, Kozhikode, Cochin, Trichur, Palakkad, Udumalpet, Salem, Hosur, SMNHL, SRLDC",,,,,,,,,,,,,,,,,,,,
Hassan PG,SRLDC,"Hassan, Mysore, Kozhikode, Cochin, Trichur, Palakkad, Udumalpet, Salem, Hosur, SMNHL, SRLDC",,,,,,,,,,,,,,,,,,,,
Bidadi PG,SRLDC,"Bidadi, SMNHL, SRLDC",,,,,,,,,,,,,,,,,,,,
YELAHANKA PG,SRLDC,"Yelahanka, NLMNGL, Bidadi, SMNHL, SRLDC",,,,,,,,,,,,,,,,,,,,
KOLAR PG,SRLDC,"Kolar, SMNHL, SRLDC",,,,,,,,,,,,,,,,,,,,
Thiruvalam PG,SRLDC,"Thiruvalam, Kolar, SMNHL, SRLDC",,,,,,,,,,,,,,,,,,,,
Pavagada PG,SRLDC,"Pavagada, Tumkur, Kolar, SMNHL, SRLDC",,,,,,,,,,,,,,,,,,,,
Hiriyur PG,SRLDC,"Hiriyur, Pavagada, Tumkur, Kolar, SMNHL, SRLDC",,,,,,,,,,,,,,,,,,,,
NARENDRA PG,SRLDC,"Narendra, Davangere/Guttur, Hiriyur, Pavagada, Tumkur, Kolar, SMNHL, SRLDC",,,,,,,,,,,,,,,,,,,,
Kudgi PG,SRLDC,"Kudgi, Narendra, Davangere/Guttur, Hiriyur, Pavagada, Tumkur, Kolar, SMNHL, SRLDC",,,,,,,,,,,,,,,,,,,,
Kaiga NPCIL,SRLDC,"Kaiga, Narendra, Davangere/Guttur, Hiriyur, Pavagada, Tumkur, Kolar, SMNHL, SRLDC",,,,,,,,,,,,,,,,,,,,
Tumkur PG,SRLDC,"Tumkur, Kolar, SMNHL, SRLDC",,,,,,,,,,,,,,,,,,,,
Arasur PG,SRLDC,"Arasur, Udumalpet, Salem, Hosur, SMNHL, SRLDC",,,,,,,,,,,,,,,,,,,,
Dharmapuri PG,SRLDC,"Dharmapuri, Salem, Hosur, SMNHL, SRLDC",,,,,,,,,,,,,,,,,,,,
Nagapattanam PG,SRLDC,"Nagapattanam, Dharmapuri, Salem, Hosur, SMNHL, SRLDC",,,,,,,,,,,,,,,,,,,,
Neyveli TS1,SRLDC,"Neyveli TS1, Nagapattanam, Dharmapuri, Salem, Hosur, SMNHL, SRLDC",,,,,,,,,,,,,,,,,,,,
Karaikudi PG,SRLDC,"Karaikudi, Thrichy, Nagapattanam, Dharmapuri, Salem, Hosur, SMNHL, SRLDC",,,,,,,,,,,,,,,,,,,,
Madurai PG,SRLDC,"Madurai, Karaikudi, Thrichy, Nagapattanam, Dharmapuri, Salem, Hosur, SMNHL, SRLDC",,,,,,,,,,,,,,,,,,,,
Tirunelveli PG,SRLDC,"Tirunelveli, Madurai, Karaikudi, Thrichy, Nagapattanam, Dharmapuri, Salem, Hosur, SMNHL, SRLDC",,,,,,,,,,,,,,,,,,,,
Kudankulam,SRLDC,"Kudankulam,Tirunelveli, Madurai, Karaikudi, Thrichy, Nagapattanam, Dharmapuri, Salem, Hosur, SMNHL, SRLDC",,,,,,,,,,,,,,,,,,,,
Trivendrum PG,SRLDC,"Trivendrum, Tirunelveli, Madurai, Karaikudi, Thrichy, Nagapattanam, Dharmapuri, Salem, Hosur, SMNHL, SRLDC",,,,,,,,,,,,,,,,,,,,
Kudankulam,SRLDC,"Kudankulam, Kundara, Pothenkode, Trivendrum, Tirunelveli, Madurai, Karaikudi, Thrichy, Nagapattanam, Dharmapuri, Salem, Hosur, SMNHL, SRLDC",,,,,,,,,,,,,,,,,,,,
Trichy PG,SRLDC,"Trichy, Nagapattanam, Dharmapuri, Salem, Hosur, SMNHL, SRLDC",,,,,,,,,,,,,,,,,,,,
Karur PG,SRLDC,"Karur, Alandur, Trichy, Nagapattanam, Dharmapuri, Salem, Hosur, SMNHL, SRLDC",,,,,,,,,,,,,,,,,,,,
NLC TS2 Exp,SRLDC,"Nlc TS2 Exp, NLC TS2, NLC TS1Exp, Nagapattanam, Dharmapuri, Salem, Hosur, SMNHL, SRLDC",,,,,,,,,,,,,,,,,,,,
NLC TS2,SRLDC,"NLC TS2, NLC TS1Exp, Nagapattanam, Dharmapuri, Salem, Hosur, SMNHL, SRLDC",,,,,,,,,,,,,,,,,,,,
Pondy PG,SRLDC,"Pondy, Sriperambdur, Chittor, Thiruvalam, Kolar, SMHL, SRLDC",,,,,,,,,,,,,,,,,,,,
Sriperambdur PG,SRLDC,"Sriperambdur, Chittor, Thiruvalam, Kolar, SMHL, SRLDC",,,,,,,,,,,,,,,,,,,,
Bhavini,SRLDC,"Bhavini, Kalvinthapattu, Sriperambdur, Chittor, Thiruvalam, Kolar, SMHL, SRLDC",,,,,,,,,,,,,,,,,,,,
Kalamasserry SLDC,SRLDC,"Kalamasserry, Cochin, Trichur, Palakkad, Udumalpet, Salem, Hosur, SMNHL, SRLDC",,,,,,,,,,,,,,,,,,,,
Chennai SLDC,SRLDC,"Salem, Hosur, SMNHL, SRLDC",,,,,,,,,,,,,,,,,,,,
KPTCL SLDC,SRLDC,"KPTCL SLDC, SRLDC",,,,,,,,,,,,,,,,,,,,
Chennai SLDC (Main),SRLDC,"Madurai SLDC, Madurai PG, Karaikudi, Trichy, Nagapattanam, Dharmapuri, Salem, Hosur, SMNHL, SRLDC",,,,,,,,,,,,,,,,,,,,
Chennai SLDC (Protection),SRLDC,"Salem, Hosur, SMNHL, SRLDC",,,,,,,,,,,,,,,,,,,,
Kalamasserry SLDC (main),SRLDC,"Kalamasserry, Cochin, Trichur, Palakkad, Udumalpet, Salem, Hosur, SMNHL, SRLDC",,,,,,,,,,,,,,,,,,,,
Kalamasserry SLDC (Protection),SRLDC,"Kalamasserry, Chalakudy, Trichur KSEB, Kozhikode, Mysore, NGMNGL, Bidadi, SMNHL, SRLDC",,,,,,,,,,,,,,,,,,,,
Pondy SCC (main),SRLDC,"Pondy SCC, Bahour, NLC TS2, NLC TS1 Exp, Nagapattanam,  Dharmapuri, Salem, Hosur, SMNHL, SRLDC",,,,,,,,,,,,,,,,,,,,
Pondy SCC (Protection),SRLDC,"Pondy SCC, Bahour, NLC TS2, Pondy, Sriperambdur, Chittor, Thiruvalam, Kolar, SMHL, SRLDC",,,,,,,,,,,,,,,,,,,,
Chennai SLDC,SRLDC,"Chennai SLDC, Madurai SLDC, Madurai PG, Karaikudi, Trichy, Nagapattanam, Dharmapuri, Salem, Hosur, SMNHL, SRLDC",,,,,,,,,,,,,,,,,,,,
Chennai SLDC,SRLDC,"Chennai SLDC, NLC TS2, Pondy, Sriperambdur, Chittor, Thiruvalam, Kolar, SMHL, SRLDC",,,,,,,,,,,,,,,,,,,,
AP SLDC (Gunadala),SRLDC,"AP SLDC, Nunna SLDC, Sattenapalli, Shrisylam, Nannur, Somayajulapalli, Gooty, Ananthapura, Muddanur, CK Pally, Kadapa, Chittor, Thiruvalam, Kolar, SMNHL, SRLDC",,,,,,,,,,,,,,,,,,,,
AP SLDC (Gunadala),SRLDC,"Gunadala, VTPS, Talapalli, Nagarjunasagar, Mehaboobnagar, Raichur, Munirabad, Davangere, Hiriyur, NLMNGL, Bidadi, SMNHL, SRLDC",,,,,,,,,,,,,,,,,,,,
KPTCL,SRLDC,"KPTCL REMC, SRLDC",,,,,,,,,,,,,,,,,,,,
NRLDC,SRLDC,"SRLDC, SMNHL, Kolar, Tumkur, Pavagada, Gooty, Somayajulapalli, Nannur, SSLM LBPH",Mamidipalli,Ghanapur TS,Ghanapur PG,Ramagundam NTPC,Bhadrwati,WR,NR,NRLDC,,,,,,,,,,,,
NRLDC,SRLDC,"SRLDC, SMNHL, Bidadi, NLMNGL, Hiriyur, Davangere, Narenfra, Kudgi, WR, NR, NRLDC",,,,,,,,,,,,,,,,,,,,
Bethan Wind Plant (GIS Tuticorin),SRLDC,"Bethan wind Plant, GIS Tuticorin, Tuticorin PS, Madurai, Karaikudi, Thrichy, Nagapattanam, Dharmapuri, Salem, Hosur, SMNHL, SRLDC",,,,,,,,,,,,,,,,,,,,
Kalvinthapattu PG,NLC TS2,"NLC TS2, Pondy PG, Sriperambdur, Kalvinthapattu",,,,,,,,,,,,,,,,,,,,
Karur PG,NLC TS2,"NLC Ts2, NLC TS1 Exp, Nagapattanam, Trichy, Alandur, Karur",,,,,,,,,,,,,,,,,,,,
Pugulur HVDC,Karur PG,"Pugulur HVDC, Karur PG",,,,,,,,,,,,,,,,,,,,
Pugulur HVDC,Salem PG,"Pugulur HVDC, Salem PG",,,,,,,,,,,,,,,,,,,,
Pugulur HVDC,Udumalpet PG,"Pugulur HVDC, Udumalpet PG",,,,,,,,,,,,,,,,,,,,
Tumkur PG,Pavagada PG,"Tumkur PG, Pavagada PG",,,,,,,,,,,,,,,,,,,,
Tumkur PG,Kudgi PG,"Tumkur PG, Pavagada PG, Hiriyur PG, Davanger, Narendra, Kudgi",,,,,,,,,,,,,,,,,,,,
Mysore PG,Pavagada PG,"Mysore, NLMNGL, Hiriyur, Pavagada",,,,,,,,,,,,,,,,,,,,
Mysore PG,Hiriyur PG,"Mysore, NLMNGL, Hiriyur",,,,,,,,,,,,,,,,,,,,
KOLAR PG,Nelamangala,"Kolar, SMNHL, Bidadi, Nelamangala",,,,,,,,,,,,,,,,,,,,
KUDAMKULAM,SALEM,Tirunelveli,Madurai,Karaikudi,Trichy,Nagapattanam,Dharmapuri,,,,,,,,,,,,,,,
KOZHIKODEKSEB,SALEM,Kozhikode PG,MYSORE,NELAMANGALA,BIDADI,SOMNA,HOSUR,,,,,,,,,,,,,,,
Hassan PG,SALEM,UDUMALPET,PALAKAD,TRICHUR,Kozhikode,Mysore,,,,,,,,,,,,,,,,
Shornur,SALEM,Kozhikode,Mysore,NELAMANGALA,BIDADI,SOMNA,HOSUR,,,,,,,,,,,,,,,
Chalakudy,SALEM,UDUMALPET,PALAKAD,TRICHUR,,,,,,,,,,,,,,,,,,
Kundara,SALEM,EDAMON,TRIVENDRUM,TIRUNELVELI,MADURAI,KARAIKUDI,TRICHY,NAGAPATTANAM,DHARMAPURI,,,,,,,,,,,,,
Pothenkode,SALEM,TRIVENDRUM,TIRUNELVELI,MADURAI,KARAIKUDI,TRICHY,NAGAPATTANAM,DHARMAPURI,,,,,,,,,,,,,,
Edamon,SALEM,TRIVENDRUM,TIRUNELVELI,MADURAI,KARAIKUDI,TRICHY,NAGAPATTANAM,DHARMAPURI,,,,,,,,,,,,,,
Karaikal,SALEM,BAHOUR,NEYVELLI,NAGAPATTANAM,DHARMAPURI,,,,,,,,,,,,,,,,,
Thiruvarur,SALEM,KADALANAGUDI,NEYVELLI,NAGAPATTANAM,DHARMAPURI,,,,,,,,,,,,,,,,,
Davangere,SALEM,"Salem, Hosur, Kolar, Tumkur, Pavagada, Hiriyur, Davangere",,,,,,,,,,,,,,,,,,,,
Kalamasserry,SALEM,"Salem, Udumalpet, Palakkad, Trichur, Cochin, Kalamasserry",,,,,,,,,,,,,,,,,,,,
"APSLDC, Vijayawada","SRLDC, Bangalore",APSLDC,VTPS,Tallapalli,SSLM RB,NANNUR,S.Palli,GOOTY 220KV,Ananthapur,RTPP 220KV,Kadapa 400KV,Chittoor 400KV,Sriperamadur,Pondy,NLC_TS_2,BAHOUR,VILLANUR,PONDY SCC,,,,
"APSLDC, Vijayawada","SRLDC, Bangalore",APSLDC,NUNNA,VTPS,Tallapalli,SSLM RB,NANNUR,S.Palli,GOOTY 220KV,GOOTY PG,GOOTY 5MSP,PAVAGADA 5MSP,HIRUYUR 5 MSP,NEELAMANGALA 2,BIDADI,SMNHL 1,SRLDC 1,,,,,
"APSLDC, Vijayawada","SRLDC, Bangalore",APSLDC,VTPS,Tallapalli,N.Sagar PG,MAHABUB NAGAR,RAICHUR STM16,MUNIRABAD,DAVANGERE/ GUTUR,DAVANGERE/GUTUR 2,HIRUYUR 5 MSP,NEELAMANGALA 2,BIDADI,SMNHL 1,SRLDC 1,,,,,,,
"APSLDC, Vijayawada","SRLDC, Bangalore",APSLDC,NUNNA,SATTENAPALLI,SSLM RB,NANNUR,S.Palli,GOOTY 220KV,GOOTY PG,GOOTY 5MSP,PAVAGADA 5MSP,PAVAGADA 3MSP,TUMUKUR,KOLAR PGCIL STM16,2,KOLAR PGCIL STM 16,1,SMNHL 1,SRLDC 1,,,
"APSLDC, Vijayawada","SRLDC, Bangalore",APSLDC,NUNNA,VTPS,TALLAPALLI,SSLM RB,NANNUR,S.Palli,GOOTY 220KV,GOOTY PG,GOOTY 5MSP,PAVAGADA 5MSP,HIRUYUR 5MSP,NEELAMANGALA 2,BIDADI,SMNHL 1,SRLDC 1,,,,,
"APSLDC, Vijayawada","SRLDC, Bangalore",APSLDC REMC,NUNNA REMC,SATTENAPALLI,SSLM RB,NANNUR,S.Palli,GOOTY 220KV,GOOTY PG,GOOTY 5MSP,PAVAGADA 5MSP,HIRUYUR 5MSP,NEELAMANGALA 2,BIDADI,SMNHL 1,SRLDC 1,SRLDC 2,SRLDC REMC,,,,
"APSLDC, Vijayawada","SRLDC, Bangalore",APSLDC,NUNNA,SATTENAPALLI,SSLM RB,NANNUR,S.Palli,GOOTY 220KV,GOOTY PG,GOOTY 5MSP,PAVAGADA 5MSP,HIRUYUR 5MSP,NEELAMANGALA 2,SMNHL 1,SRLDC 1,SRLDC 2,SRLDC REMC,,,,,
"APSLDC, Vijayawada","SRLDC, Bangalore",APSLDC,NUNNA,SATTENAPALLI,SSLM RB,NANNUR,S.Palli,GOOTY 220KV,GOOTY PG,GOOTY 5MSP,PAVAGADA 5MSP,HIRUYUR 5MSP,NEELAMANGALA 2,SMNHL 1,SRLDC 1,,,,,,,
400KVSS Kamavarapu Kota,400KVSS Suryapeta,Kamavarapu Kota 400KVSS,SURYAPETA,,,,,,,,,,,,,,,,,,,
400KVSS Kamavarapu Kota,400KVSS Suryapeta,Kamavarapu Kota 400KVSS,SURYAPETA,,,,,,,,,,,,,,,,,,,
400KVSS Kamavarapu Kota,400KVSS Suryapeta,Kamavarapu Kota 400KVSS,SURYAPETA,,,,,,,,,,,,,,,,,,,
132KVSS Kamavarapu Kota,132KVSS Aswarao Peta,Kamavarapu Kota 132KVSS to Aswarao Peta,,,,,,,,,,,,,,,,,,,,
Lower sileru Power House,220KVSS Asupaka,Lower sileru Power House,Asupaka,,,,,,,,,,,,,,,,,,,
Lower sileru Power House,K.T.P.S Vth stage,Lower sileru Power House,K.T.P.S Vth stage,,,,,,,,,,,,,,,,,,,
Upper sileru Power House,Balimela,Upper sileru power houe,Balimela,,,,,,,,,,,,,,,,,,,
Upper sileru Power House,Balimela,Upper sileru power houe,Balimela,,,,,,,,,,,,,,,,,,,
400 KVSS Kalapaka,400 KVSS Khammam,400 KVSS Kalapaka,400 KVSS Khammam,,,,,,,,,,,,,,,,,,,
400 KVSS Kalapaka,400 KVSS Khammam,400 KVSS Kalapaka,400 KVSS Khammam,,,,,,,,,,,,,,,,,,,
400 KVSS Kalapaka,400 KVSS Asupaka,400 KVSS Kalapaka,400 KVSS Asupaka,,,,,,,,,,,,,,,,,,,
132 KVSS Araku,Machkund Power House,132 KVSS Araku,Machkund Power House,,,,,,,,,,,,,,,,,,,
Nunna,KTPS,Nunna,KTPS,,,,,,,,,,,,,,,,,,,
Chillakallu 220kV SS,Suryapet 220kV SS,Chillakallu,Suryapet,,,,,,,,,,,,,,,,,,,
Chillakallu 220kV SS,Pulichintala220kVSS,Chillakallu,Pulichintala,,,,,,,,,,,,,,,,,,,
Sattenapally 400kvss,Srisailam (LB),STPL,SSLM(LB),,,,,,,,,,,,,,,,,,,
Sattenapally 400kvss,Srisailam (LB),STPL,SSLM(LB),,,,,,,,,,,,,,,,,,,
Sattenapally 400kvss,Srisailam (LB),STPL,SSLM(LB),,,,,,,,,,,,,,,,,,,
Tangeda 132kvss,Wadapally,Tangeda,Wadapally,,,,,,,,,,,,,,,,,,,
Tallapally 220kvss,N.Sagar (LB),Tallapally,N.Sagar(LB),,,,,,,,,,,,,,,,,,,
Tallapally 220kvss,N.Sagar (LB),Tallapally,N.Sagar(LB),,,,,,,,,,,,,,,,,,,
Tallapally 220kvss,N.Sagar (LB),Tallapally,N.Sagar(LB),,,,,,,,,,,,,,,,,,,
Tallapally 220kvss,N.Sagar (LB),Tallapally,N.Sagar(LB),,,,,,,,,,,,,,,,,,,
Tallapally 220kvss,Chalakurthy,Tallapally,Chalakurthy,,,,,,,,,,,,,,,,,,,
RCPH,N.Sagar (LB),RCPH,N.Sagar(LB),,,,,,,,,,,,,,,,,,,
220 KV SS Sullurpet,220 KV SS Gummadipundi,Sullurpet,Gummadipundi,,,,,,,,,,,,,,,,,,,
220 KV Switchyard Srisailam right bank,Dindi,SSLM RB,Dindi,,,,,,,,,,,,,,,,,,,
220 KV Switchyard Srisailam right bank,Nagarjuna Sagar,SSLM RB,Nagarjuna sagar,,,,,,,,,,,,,,,,,,,
400 KV NARNOOR,Srisailam left bank,Narnoor,Srisailam LB,,,,,,,,,,,,,,,,,,,
400 KV NARNOOR,Srisailam left bank,Narnoor,Srisaialm LB,,,,,,,,,,,,,,,,,,,
400 KV NARNOOR,Srisailam left bank,Narnoor,Srisaialm LB,,,,,,,,,,,,,,,,,,,
400 KV NARNOOR,Maheswaram,Narnoor,Srisaialm,,,,,,,,,,,,,,,,,,,
400KVSS Urvakonda,Veltoor 400 kv  SS,Uravakonda 400 KV SS,Veltoor 400 KV SS,,,,,,,,,,,,,,,,,,,
400KVSS Urvakonda,Veltoor 400 kv  SS,Uravakonda 400 KV SS,Veltoor 400 KV SS,,,,,,,,,,,,,,,,,,,
400KVSS Urvakonda,Veltoor 400 kv  SS,Uravakonda 400 KV SS,Veltoor 400 KV SS,,,,,,,,,,,,,,,,,,,
220KVSS Ragulapdu,Allipura 220 KV SS,Ragulapadu 220 KV SS,Allipura 220 KV SS,,,,,,,,,,,,,,,,,,,
400KVSS Chittoor,Thiruvallum 400kvss,Chittoor 400kvss,Thiruvallum  400kvss,,,,,,,,,,,,,,,,,,,
400KVSS Chittoor,Thiruvallum 400kvss,Chittoor 400kvss,Thiruvallum  400kvss,,,,,,,,,,,,,,,,,,,
400KVSS Chittoor,400KVSS Madras,Chittoor 400kvss,Madras  400kvss,,,,,,,,,,,,,,,,,,,
400KVSS Chittoor,400KVSS Madras,Chittoor 400kvss,Madras  400kvss,,,,,,,,,,,,,,,,,,,
400KVSS Chittoor,400KVSS C.K.Palli,Chittoor400kvss,Ckpalli 400kvss,,,,,,,,,,,,,,,,,,,
400KVSS Chittoor,400KVSS C.K.Palli,Chittoor400kvss,Ckpalli 400kvss,,,,,,,,,,,,,,,,,,,
400KVSS Chittoor,400KVSS C.K.Palli,Chittoor400kvss,Ckpalli 400kvss,,,,,,,,,,,,,,,,,,,
220 KVSS Chittoor,Thiruvallum,Chittoor 220kvss,Thiruvallum,,,,,,,,,,,,,,,,,,,
"Kolar PGCIL, Karnataka",220KV SS Yerraguntla,Kolar PGCIL,Somanahalli PGCIL,BidadiPGCIL,Nelamangala KPTCL,Hirayur PGCIL,Pavagada PGCIL,Gooty PGCIL,Gooty Sw.St 220KV,C.K.Palli 220KVSS,RTPP 220KVSS,Yerraguntla 220KVSS,,,,,,,,,,
"Kolar PGCIL, Karnataka",220KV SS Yerraguntla,Kolar PGCIL,Somanahalli PGCIL,BidadiPGCIL,Nelamangala KPTCL,Hirayur PGCIL,Pavagada PGCIL,Gooty PGCIL,Gooty Sw.St 220KV,C.K.Palli 220KV,RTPP220KV,Yerraguntla 220KVSS,,,,,,,,,,
"Kolar PGCIL, Karnataka",220KV SS Pulivendula,Kolar PGCIL,Somanahalli PGCIL,BidadiPGCIL,Nelamangala KPTCL,Hirayur PGCIL,Pavagada PGCIL,Gooty PGCIL,Gooty Sw.St 220KV,C.K.Palli 220KVSS,RTPP 220KVSS,Pulivendala 220KVSS,,,,,,,,,,
"Kolar PGCIL, Karnataka",220KVSS Madanapalli,Kolar PGCIL,Somanahalli PGCIL,BidadiPGCIL,Nelamangala KPTCL,Hirayur PGCIL,Pavagada PGCIL,Gooty PGCIL,Gooty Sw.St 220KV,C.K.Palli 220KVSS,Kalikiri 220KVSS,Madanapalli 220KVSS,,,,,,,,,,
"Kolar PGCIL, Karnataka",220KVSS Anantapur,Kolar PGCIL,Somanahalli PGCIL,BidadiPGCIL,Nelamangala KPTCL,Hirayur PGCIL,Pavagada PG,Gooty PGCIL,Gooty Sw.St 220KV,Anantapur220KVSS,,,,,,,,,,,,
"Kolar PGCIL, Karnataka",220KVSS Anantapur,Kolar PGCIL,Somanahalli PGCIL,BidadiPGCIL,Nelamangala KPTCL,Hirayur PGCIL,Pavagada PGCIL,Gooty PGCIL,Gooty Sw.St 220KV,Anantapur 220KVSS,,,,,,,,,,,,
"Kolar PGCIL, Karnataka",220KVSS  Gooty Sw st,Kolar PGCIL,Somanahalli PGCIL,Bidadi PGCIL,Nelamangala KPTCL,Hirayur PGCIL,Pavagada PGCIL,Gooty PGCIL,Gooty Sw.St 220KV,,,,,,,,,,,,,
"Kolar PGCIL, Karnataka",220 KV Somayajulaplli,Kolar PGCIL,Somanahalli PGCIL,Bidadi PGCIL,Nelamangala KPTCL,Hirayur PGCIL,Pavagada PGCIL,Gooty PGCIL,Gooty Sw.St 220KV,Somayajulapalli 220KVSS,,,,,,,,,,,,
"Kolar PGCIL, Karnataka",400KV Narnoor,Kolar PGCIL,Somanahalli PGCIL,Bidadi PGCIL,Nelamangala KPTCL,Hirayur PGCIL,Pavagada PGCIL,Gooty PGCIL,Gooty Sw.St 220KV,Narnoor 400KVSS,,,,,,,,,,,,
"Kolar PGCIL, Karnataka",220KVSS CKPalli,Kolar PGCIL,Somanahalli PGCIL,Bidadi PGCIL,Nelamangala KPTCL,Hirayur PGCIL,Pavagada PGCIL,Gooty PGCIL,Gooty Sw.St 220KV,C.K.Palli 220KVSS,,,,,,,,,,,,
"Kolar PGCIL, Karnataka",132 KV SS Vontimitta,Kolar PGCIL,Somanahalli PGCIL,BidadiPGCIL,Nelamangala KPTCL,Hirayur PGCIL,Pavagada PGCIL,Gooty PGCIL,Gooty Sw.St 220KV,C.K.Palli 220KV,Kadapa 220KV,Vontimitta 132KVSS,,,,,,,,,,
"Kolar PGCIL, Karnataka",220KVSS Kalikiri,Kolar PGCIL,Somanahalli PGCIL,BidadiPGCIL,Nelamangala KPTCL,Hirayur PGCIL,Pavagada PGCIL,Gooty PGCIL,Gooty Sw.St 220KV,C.K.Palli 220KV,Kalikiri 220KVSS,,,,,,,,,,,
"Kolar PGCIL, Karnataka",220KVSS Gooty,Kolar PGCIL,Somanahalli PGCIL,BidadiPGCIL,Nelamangala KPTCL,Hirayur PGCIL,Pavagada PG,Gooty PGIL,Gooty Sw.St 220KV,Gooty 220KV,,,,,,,,,,,,
VTPS IV,Suryapet 400kVSS,VTPS IV,Suryapet,,,,,,,,,,,,,,,,,,,
VTPS IV,Suryapet 400kVSS,VTPS IV,Suryapet,,,,,,,,,,,,,,,,,,,
VTPS IV,Suryapet 400kVSS,VTPS IV,Suryapet,,,,,,,,,,,,,,,,,,,
Nunna,KTPS,Nunna,KTPS,,,,,,,,,,,,,,,,,,,
Chillakallu 220kV SS,Suryapet 220kV SS,Chillakallu,Suryapet,,,,,,,,,,,,,,,,,,,
Chillakallu 220kV SS,Kusumanchi 132KVSS,Chillakallu,Kusumanchi,,,,,,,,,,,,,,,,,,,
Chillakallu 220kV SS,Khammam 132KVSS,Chillakallu,Khammam,,,,,,,,,,,,,,,,,,,
Chillakallu 220kV SS,Madhira 132KVSS,Chillakallu,Madhira,,,,,,,,,,,,,,,,,,,
Chillakallu 220kV SS,Kodada 132KV SS,Chillakallu,Kodada,,,,,,,,,,,,,,,,,,,
Chillakallu 220kV SS,Sitapuram 132KV SS,Chillakallu,Sitapuram,,,,,,,,,,,,,,,,,,,
Chillakallu 220kV SS,Ramapuram 132KV SS,Chillakallu,Ramapuram,,,,,,,,,,,,,,,,,,,
220 KV Switchyard Srisailam right bank,Domalapenta 220KVSS,SSLM RB,Domalapenta,,,,,,,,,,,,,,,,,,,
Brahmanakotkuru 220KVSS,Wanaparthy 220KVSS,Brahmanakotkuru,Wanaparthy,,,,,,,,,,,,,,,,,,,
Brahmanakotkuru 220KVSS,Regumanugadda 220KVSS,Brahmanakotkuru,Regumanugadda,,,,,,,,,,,,,,,,,,,
A P Carbides 220KVSS,Alampur 132KVSS,A P Carbides,Alampur,,,,,,,,,,,,,,,,,,,
Ambewadi 220 kV,SLDC,Point to point,,,,,,,,,,,,,,,,,,,,
RTPS 400 kV,SLDC,Point to point,,,,,,,,,,,,,,,,,,,,
Sedam 220 kV,SLDC,Point to point,,,,,,,,,,,,,,,,,,,,
Alipur 220 kV,SLDC,Point to point,,,,,,,,,,,,,,,,,,,,
Kadakola 220 kV,SLDC,Point to point,,,,,,,,,,,,,,,,,,,,
Yerandanahalli 220 kV,SLDC,Point to point,,,,,,,,,,,,,,,,,,,,
Konaje 110 kV,SLDC,Point to point,,,,,,,,,,,,,,,,,,,,
Kolar 220 kV (KPTCL),SLDC,Point to point,,,,,,,,,,,,,,,,,,,,
Chintamani 220 kV (KPTCL),SLDC,Point to point,,,,,,,,,,,,,,,,,,,,
Somanahalli 220 kV (KPTCL),SLDC,Point to point,,,,,,,,,,,,,,,,,,,,
Hoody 400 kV (KPTCL),SLDC,Point to point,,,,,,,,,,,,,,,,,,,,
Nelamangala 400 kV (KPTCL),SLDC,Point to point,,,,,,,,,,,,,,,,,,,,
Bidadi 220 kV (KPTCL),SLDC,Point to point,,,,,,,,,,,,,,,,,,,,
Narendra 220 kV (KPTCL),SLDC,Point to point,,,,,,,,,,,,,,,,,,,,
Yelahanka 220 kV (KPTCL),SLDC,Point to point,,,,,,,,,,,,,,,,,,,,
Antharasanahalli 220 kV,SLDC,Point to point,,,,,,,,,,,,,,,,,,,,
Madugiri 220 kV,SLDC,Point to point,,,,,,,,,,,,,,,,,,,,
BPS 400 kV (KPTCL),SLDC,Point to point,,,,,,,,,,,,,,,,,,,,
Yarnal 220 kV (G M NAVARA),SLDC,Point to point,,,,,,,,,,,,,,,,,,,,
Kadra G S,SLDC,Point to point,,,,,,,,,,,,,,,,,,,,
Kodasalli G S,SLDC,Point to point,,,,,,,,,,,,,,,,,,,,
Guttur 400 kV (KPTCL),SLDC,Point to point,,,,,,,,,,,,,,,,,,,,
Thiruvananthapuram,Bangalore,"Thiruvananthapuram, Pothencode, Edamon, Kundara, Edappon, Pallom, Ambalamugal, Brahmapuram, Kalamassery, Chalakkudy, Madakkathara, Arekode, Arekode PGCIL, SRLDC Bangalore",,,,,,,,,,,,,,,,,,,,
Kalamassery,Thiruvananthapuram,"Thiruvananthapuram, Pothencode, Edamon, Kundara, Edappon, Pallom, Ambalamugal, Brahmapuram, Kalamassery",,,,,,,,,,,,,,,,,,,,
Kalamassery,Bangalore,"Kalamassery, Cochin PGCIL, SRLDC Bangalore",,,,,,,,,,,,,,,,,,,,
Kalamassery,Bangalore,"Kalamassery, Chalakkudy, Madakkathara, Arekode, Arekode PGCIL, SRLDC Bangalore",,,,,,,,,,,,,,,,,,,,
Kalamassery,Bangalore,"Kalamassery, Chalakkudy, Madakkathara, Arekode, Arekode PGCIL, SRLDC Bangalore",,,,,,,,,,,,,,,,,,,,
Thiruvananthapuram,NRLDC,"Tiruvananthapuram, Thiruvanantha puram PGCIL, NRLDC",,,,,,,,,,,,,,,,,,,,
Thiruvananthapuram,Kalamassery,"Thiruvananthapuram, Pothencode, Edamon, Kundara, Edappon, Pallom, Ambalamugal, Brahmapuram, Kalamassery",,,,,,,,,,,,,,,,,,,,
Thiruvananthapuram,Kalamassery,"Thiruvananthapuram, Pothencode, Edamon, Kundara, Edappon, Pallom, Ambalamugal, Brahmapuram, Kalamassery",,,,,,,,,,,,,,,,,,,,
Kalamassery,Bangalore,"Kalamassery, Cochin PGCIL, SRLDC Bangalore",,,,,,,,,,,,,,,,,,,,
Pothencode,Salem,"Pothencode, Thiruvananthapuram PGCIL, Salem",,,,,,,,,,,,,,,,,,,,
Edamon,Salem,"Edappon, Pallom, Ambalamugal, Brahmapuram, Kalamassery, Cochin PGCIL, Salem",,,,,,,,,,,,,,,,,,,,
Kundara,Salem,"Kundara, Edamon, Pothencode, Thiruvananthapuram PGCIL, Salem",,,,,,,,,,,,,,,,,,,,
Shornur,Salem,"Shornur, Madakkathara, Trissur PGCIL, Salem",,,,,,,,,,,,,,,,,,,,
Arekode,Salem,"Arekdoe, Kozhikode PGCIL, Salem",,,,,,,,,,,,,,,,,,,,
Chalakudy,Salem,"Calakkudy, Madakkathara, Arekdoe, Kozhikode PGCIL, Salem",,,,,,,,,,,,,,,,,,,,
Edappon,Kolar,"Edappon, Pallom, Ambalamugal, Kalamassery, Cochin PGCIL, Kolar",,,,,,,,,,,,,,,,,,,,
Pallom,Kolar,"Pallom, Ambalamugal, Kalamassery, Cochin PGCIL, Kolar",,,,,,,,,,,,,,,,,,,,
Madakkathara,Kolar,"Madakkathara, Arekode, Kozhikode PGCIL, Kolar",,,,,,,,,,,,,,,,,,,,
Kanhirode,Kolar,"Kanhirode, Orkkattery, Arekode, Madakkathara, Arekode, Kozhikode PGCIL, Kolar",,,,,,,,,,,,,,,,,,,,
Kalamassery,Bangalore,"Kalamassery, Cochin PGCIL, SRLDC Bangalore",,,,,,,,,,,,,,,,,,,,
Kalamassery,Thiruvananthapuram,"Thiruvananthapuram, Pothencode, Edamon, Kundara, Edappon, Pallom, Ambalamugal, Brahmapuram, Kalamassery",,,,,,,,,,,,,,,,,,,,
CHENNAI  SLDC,Madurai SLDC,SLCD Chennai,S'Perumbudur 400,Trichy (PGCIL),SLDC Madurai  (BCC),,,,,,,,,,,,,,,,,
SRIPERUMBUDUR 400 kV SS,SLDC CHENNAI,Direct  OFC,,,,,,,,,,,,,,,,,,,,
SRIPERUMBUDUR 400 kV SS,LDC  MADURAI,S'Perumbudur 400,Trichy (PGCIL),SLDC Madurai,,,,,,,,,,,,,,,,,,
SPKOIL 230 kV SS,SLDC CHENNAI,Singaperumal Koil,Sriperumbudur,SLDC  Chennai,,,,,,,,,,,,,,,,,,
SPKOIL 230 kV SS,LDC  MADURAI,Singaperumal Koil,Sriperumbudur,Trichy,LDC  Madurai,,,,,,,,,,,,,,,,,
NEYVELI 230 kV SS,SLDC CHENNAI,Neyveli,Villupuram 110 SS,Singaperumal koil 230 ss,S'perumbudur 400 kv ss,SLDC Chennai,,,,,,,,,,,,,,,,
NEYVELI 230 kV SS,LDC  MADURAI,Neyveli,Villupuram 110 SS,Singaperumal koil 230 ss,S'perumbudur 400 kv ss,Trichy (PGCIL),SLDC Madurai,,,,,,,,,,,,,,,
MYLADUTHURAI 230 kV SS,SLDC CHENNAI,Myladuthurai 230,Neyvely 230,Villupuram 110,Singaperumal koil 230,S'Perumbudur,SLDC Chennai,,,,,,,,,,,,,,,
MYLADUTHURAI 230 kV SS,LDC  MADURAI,Myladuthurai 230,Triruvarur,Trichy,Alandur,Trichy 400,Karaikudi 400,Chekanurani 400,Chekanurani 230,SLDC Madurai,,,,,,,,,,,,
TRICHY 230 kV SS,SLDC CHENNAI,Trichy 230,S'Perumbudur 400,SLDC Chennai,,,,,,,,,,,,,,,,,,
TRICHY 230 kV SS,LDC  MADURAI,Trichy,SLDC Madurai,,,,,,,,,,,,,,,,,,,
MADURAI  230 kV SS,SLDC CHENNAI,Madurai LDC,Trichy 230,S'perumbudur 400 SS,SLDC Chennai,,,,,,,,,,,,,,,,,
MADURAI  230 kV SS,LDC  MADURAI,Local,,,,,,,,,,,,,,,,,,,,
CHECKANURANI 400 kV SS,SLDC CHENNAI,Madurai 400,Madurai 230,Trichy 230,S'perumbudur,SLDC Chennai.,,,,,,,,,,,,,,,,
CHECKANURANI 400 kV SS,MADURAI   LDC,Chekanoorani,Madurai,,,,,,,,,,,,,,,,,,,
KAYATHAR 230 kV SS,SLDC CHENNAI,Kayathar,Madurai 230,Trichy 230,S'Perumbudur,SLDC Chennai.,,,,,,,,,,,,,,,,
KAYATHAR 230 kV SS,MADURAI   LDC,Kayathar,SLDC  Madurai.,,,,,,,,,,,,,,,,,,,
KARAIKUDI 230 KV SS,SLDC CHENNAI,Karakudi 400,Madurai 230,SLDC Chennai (ISP),,,,,,,,,,,,,,,,,,
KARAIKUDI 230 KV SS,MADURAI   LDC,Karakudi 400,Madurai SLDC,,,,,,,,,,,,,,,,,,,
ERODE 230 kV SS,SLDC CHENNAI,Erode LDC,Trichy 230,S'perumbudur 400,SLDC Chennai,,,,,,,,,,,,,,,,,
ERODE 230 kV SS,MADURAI   LDC,Erode,Salem230,Ulundurpet 230 (Myvadi),Chekanurani,SLDC Madurai,,,,,,,,,,,,,,,,
Sub-LDC/Erode,Chennai,Erode,Trichy,sriperambudur,Chennai,,,,,,,,,,,,,,,,,
Sub-LDC/Erode,Chennai,Erode,Pugalur230,Pugalur400,Alagapuram repeater,Kalivanthapattu,Chennai,,,,,,,,,,,,,,,
Sub-LDC/Erode,Chennai,Erode,Trichy,sriperambudur,Chennai,,,,,,,,,,,,,,,,,
Sub-LDC/Erode,Chennai,Erode,Pugalur230,Pugalur400,Alagapuram repeater,Kalivanthapattu,Chennai,,,,,,,,,,,,,,,
Sub-LDC/Erode,Madurai,Erode,Salem230,Myvadi230,Madurai400,Madurai230,,,,,,,,,,,,,,,,
Sub-LDC/Erode,Chennai,Erode,Salem230,Myvadi230,Madurai400,Madurai230,Trichy,sriperambudur,Chennai,,,,,,,,,,,,,
Sub-LDC/Erode,Chennai,Erode,Trichy,sriperambudur,Chennai,,,,,,,,,,,,,,,,,
Sub-LDC/Erode,Madurai,Erode,Salem230,Myvadi230,Madurai400,Madurai230,,,,,,,,,,,,,,,,
Sub-LDC/Erode,Madurai,Erode,Trichy,Madurai230,,,,,,,,,,,,,,,,,,
Sub-LDC/Erode,Chennai,Erode,Trichy,sriperambudur,Chennai,,,,,,,,,,,,,,,,,
Sub-LDC/Erode,Chennai,Erode,Pugalur230,Pugalur400,Alagapuram repeater,Kalivanthapattu,Chennai,,,,,,,,,,,,,,,
Sub-LDC/Erode,Kundha-2,Erode,Salem230,Myvadi230,Arasur400,Karamadai400,Kundha,2,,,,,,,,,,,,,,
Sub-LDC/Erode,Chennai,Erode,Trichy,sriperambudur,Chennai,,,,,,,,,,,,,,,,,
Sub-LDC/Erode,Chennai,Erode,Pugalur230,Pugalur400,Alagapuram repeater,Kalivanthapattu,Chennai,,,,,,,,,,,,,,,
Sub-LDC/Erode,Chennai,Erode,Pugalur230,Pugalur400,Alagapuram repeater,Kalivanthapattu,Chennai,,,,,,,,,,,,,,,
SALEM  400 kV SS,SLDC CHENNAI,Salem 230,Erode LDC,Trichy 230,S'perumbudur 400,SLDC Chennai,,,,,,,,,,,,,,,,
SALEM  400 kV SS,MADURAI   LDC,Salem230,Ulundurpet 230 (Myvadi),Chekanurani,SLDC Madurai,,,,,,,,,,,,,,,,,
ARASUR 230 kV SS,SLDC CHENNAI,Arasur 230,Arasur 400,Udumalpet 230,Salem 230,Erode,Trichy 230,S'perumbudur,SLDC Chennai,,,,,,,,,,,,,
ARASUR 230 kV SS,MADURAI   LDC,Arasur 230,Salem 230,Udumalpet 230,Chekanurani,SLDC Madurai,,,,,,,,,,,,,,,,
MEYVADI 400/ 230 kV SS,SLDC CHENNAI,Ulumalpet 230,Salem 230,Erode,Trichy 230,S'Perumbudur,SLDC Chennai,,,,,,,,,,,,,,,
MEYVADI 400/ 230 kV SS,MADURAI   LDC,Udumalpet 230 ( Myvadi ),Chekanurani,SLDC Madurai,,,,,,,,,,,,,,,,,,
METTUR TPS (Stg 3),SLDC CHENNAI,Mettur TPS,Arasur 400,Uludumalpet(Myvadi),Salem,Erode,Trichy,S'Perumbudur,SLDC  Chennai,,,,,,,,,,,,,
METTUR TPS (Stg 3),MADURAI   LDC,Mettur TPS,Arasur 400,Arasur 230,Salem,Uludumalpet(Myvadi),Chekanoorani,Madurai LDC,,,,,,,,,,,,,,
MYVADI 230 kV SS,Salem 400,Myvadi,Kurukathy,Pugalur 400,Pugalur 230,Erode,Salem 230,Salem 400,,,,,,,,,,,,,,
MYVADI 230 kV SS,PALLADAM 230,Kolar PGCIL,Myvadi,OKM,Palladam,,,,,,,,,,,,,,,,,
MYVADI 230 kV SS,UDUMALPET 230,Kolar PGCIL,Myvadi,Udumalpet,,,,,,,,,,,,,,,,,,
MYVADI 230 kV SS,SEMPATTY 230,Kolar PGCIL,Myvadi,Sempatty,,,,,,,,,,,,,,,,,,
MYVADI 230 kV SS,KURUKATHI 230,Kolar PGCIL,Myvadi,Kurukathy,,,,,,,,,,,,,,,,,,
TIRUPUR 230 kV SS,ARASUR PGCIL,TIRUPUR,ARASUR PGCIL,,,,,,,,,,,,,,,,,,,
THUDIYALUR 230 kVSS,Karamadai 230kv,Thudiyalur 230kv,Karamadai 230kv,,,,,,,,,,,,,,,,,,,
THUDIYALUR 230 kVSS,ARASUR,TDLR ARASUR,,,,,,,,,,,,,,,,,,,,
ARASUR 230 kV SS,Karamadai 230kv,Arasur 230kv,Karamadi 230KV,,,,,,,,,,,,,,,,,,,
ARASUR 230 kV SS,Arasur  400KV,Arasur 230kv,Arasur 400KV,,,,,,,,,,,,,,,,,,,
ARASUR 230 kV SS,GOBI,ARASUR GOBIOFC (FOX515),,,,,,,,,,,,,,,,,,,,
ARASUR 230 kV SS,TDLR,ARASUR TDLR OFC,,,,,,,,,,,,,,,,,,,,
ARASUR 230 kV SS,ARASUR400,ARSUR,ARASUR400 OFC,,,,,,,,,,,,,,,,,,,
ARASUR 230 kV SS,KOLAR,ARASUR,KOLAR OFC,,,,,,,,,,,,,,,,,,,
KARUVALUR 230 kV SS,Karamadai 230kv,Karavallur 230kv,Karamadai 230kv,,,,,,,,,,,,,,,,,,,
KARUVALUR 230 kV SS,Arasur  400KV,Karavallur 230kv,Arasur 400kv,,,,,,,,,,,,,,,,,,,
Arasur 400 kV SS,Arasur  230KV,Arasur 400Kv,Arasur 230Kv,,,,,,,,,,,,,,,,,,,
Arasur 400 kV SS,Karavallur 230KV,Arasur 400Kv,Karavallur 230Kv,,,,,,,,,,,,,,,,,,,
Arasur 400 kV SS,ARASUR230,ARSUR400,ARASUR230 OFC,,,,,,,,,,,,,,,,,,,
Arasur 400 kV SS,GOBI,ARASUR400,GOBI,,,,,,,,,,,,,,,,,,,
Arasur 400 kV SS,Tiruppur 230Kv,Arasur 400Kv,Tiruppur 230Kv,,,,,,,,,,,,,,,,,,,
Karamadai 400 kV SS,Salem 400,Karamadai,MTPS II,Salem 400 (KR Thopu),Salem 230,Salem 400,,,,,,,,,,,,,,,,
Karamadai 400 kV SS,PGCIL Arasur,Direct,,,,,,,,,,,,,,,,,,,,
Karamadai 400 kV SS,Arasur,Direct,,,,,,,,,,,,,,,,,,,,
Karamadai 400 kV SS,Arasur,Direct,,,,,,,,,,,,,,,,,,,,
Salem 400 kV SS,Deviakurichi,Salem400,Deviakurichi,PLCC,,,,,,,,,,,,,,,,,,
Salem 400 kV SS,Valayapatty,Salem400,Deviakurichi,PLCC:DKY,Valayapatty,OLTE,,,,,,,,,,,,,,,,
Salem 400 kV SS,Pudanchandai,Salem400,Deviakurichi,PLCC:DKY,Valayapatty,OLTE,,,,,,,,,,,,,,,,
Salem 400 kV SS,Unjanai,Salem400,Unjanai,PLCC,,,,,,,,,,,,,,,,,,
Salem 400 kV SS,-,Direct,,,,,,,,,,,,,,,,,,,,
Salem 400 kV SS,Salem230,Salem400,Salem230,PLCC,,,,,,,,,,,,,,,,,,
Shoolagiri 400 PGCIL 400 kV SS,Hosur 230,Shoolagiri400,Hosur230,PLCC,,,,,,,,,,,,,,,,,,
Shoolagiri 400 PGCIL 400 kV SS,Guruparapalli,Shoolagiri400,Guriparapalli230,OLTE,,,,,,,,,,,,,,,,,,
Shoolagiri 400 PGCIL 400 kV SS,Vinnamangalam,Kolar,Shoolagiri400,Vinnamangalam,PLCC,,,,,,,,,,,,,,,,,
Sub-LDC/Erode,Somanahalli(E1),Erode,Salem230,Salem(PG)N/w,,,,,,,,,,,,,,,,,,
Sub-LDC/Erode,Arasur230(E1),Erode,salem230,Myvadi230,Arasur400,Arasur230,,,,,,,,,,,,,,,,
Sub-LDC/Erode,Salem400(E1),Erode,salem230,salem400,,,,,,,,,,,,,,,,,,
Sub-LDC/Erode,Trichy(E1),Erode,Trichy230,,,,,,,,,,,,,,,,,,,
Sub-LDC/Erode,Ingur(E1),Erode,Ingur230,,,,,,,,,,,,,,,,,,,
Sub-LDC/Erode,Madurai(E1),Erode,Trichy230,Madurai230,,,,,,,,,,,,,,,,,,
Sriperumbudur,Kolar,Sriperumbadur,Chennai,Kalivanthapattu,Alagapuram Repeater,Pugalur400,Pugalur230,Erode,Salem230,Salem(PG) N/w,,,,,,,,,,,,
Trichy 230KV SS,Kolar,Trichy230,Erode,Salem230,Salem(PG) N/w,,,,,,,,,,,,,,,,,
Thiruvarur 230KV SS,Kolar,Thiruvarur230,Tanjore230,Alandur230,Trichy230,Erode,Salem230,Salem(PG) N/w,,,,,,,,,,,,,,
Madurai 230KV SS,Kolar,Madurai230,Trichy230,Erode,Salem230,Salem(PG) N/w,,,,,,,,,,,,,,,,
Arasur 230KV SS,Kolar,Arasur230,Erode,Salem230,Salem(PG)N/w,,,,,,,,,,,,,,,,,
Ingur 230KV SS,Kolar,Ingur230,Erode,Salem230,Salem(PG) N/w,,,,,,,,,,,,,,,,,
Kurukkathy 230KV SS,Kolar,Kurukkathy230,Myvadi230,Salem230,Salem400(PG) N/w,,,,,,,,,,,,,,,,,
Thingalore 230KV SS,Kolar,Thingalore230,Ingur230,Erode,Salem230,Salem(PG) N/w,,,,,,,,,,,,,,,,
Anthiyur 230KV SS,Kolar,Anthiyur230,Gobi230,Arasur230,Erode,salem230,salem(PG)N/w,,,,,,,,,,,,,,,
Pallakapalayam 230KV SS,Kolar,Pallakapalayam230,Gobi230,Arasur230,Erode,salem230,salem(PG)N/w,,,,,,,,,,,,,,,
Gobi 230KV SS,Kolar,Gobi230,Arasur230,Erode,salem230,salem(PG)N/w,,,,,,,,,,,,,,,,
Gobi 230KV SS,Kolar,Gobi230,Pallakapalayam230,Salem400(TNEB),Salem(PG)N/w.,,,,,,,,,,,,,,,,,
Pugalur 230KV SS,Chennai/Madurai,Erode,Pugalur230,Pugalur400,Alagapuram repeater,Kalivanthapattu,Chennai,,,,,,,,,,,,,,,
Pugalur 400KV SS,Chennai/Madurai,Erode,Pugalur230,Pugalur400,Alagapuram repeater,Kalivanthapattu,Chennai,,,,,,,,,,,,,,,
Ingur 230 kV SS,Salem 400,Ingur,Erode,Salem 230,Salem 400,,,,,,,,,,,,,,,,,
Pugalur  400 kV SS,Salem 400,Pugalur  230,Erode,Salem 230,Salem 400,,,,,,,,,,,,,,,,,
Palavadi 400 kV SS,Bangalore,Palavadi,Gurubarapally,Shoolagiri,Bangalore,,,,,,,,,,,,,,,,,
Alamathy  400 kV SS,Salem 400,Alamathy 400,Bangalore SRLDC  through PGCIL link,,,,,,,,,,,,,,,,,,,
SRIPERUMBUDUR 400 kV SS,Salem 400,S'Perumbudur 400,Trichy,Erode,Salem 230,Salem 400,,,,,,,,,,,,,,,,
KARAIKUDI 230 kV SS,KOLAR  PGCIL,TK2 SPS Link,,,,,,,,,,,,,,,,,,,,
THIRUVARUR 230 kV SS,Salem 400,Thiruvarur,Myladuthurai,Neyveli,Trichy,Erode,Salem 230,Salem 400,,,,,,,,,,,,,,
TRICHY 230 kV SS,Salem 400,Trichy,Erode,Salem 230,Salem 400,,,,,,,,,,,,,,,,,
MADURAI  230 kV SS,Salem 400,Madurai 230,Trichy,Erode,salem 230,Salem 400,,,,,,,,,,,,,,,,
CUDDALORE  230 kV SS,SALEM 400,Salem 400,Neyvely TS II,NLY TS I,Cuddalore 230 SS,,,,,,,,,,,,,,,,,
CUDDALORE  230 kV SS,Villupuram 230 SS,Salem 400,Neyvely TS II,NLY TS I,Cuddalore 230 SS,Villupuram 230 SS.,,,,,,,,,,,,,,,,
CHENNAI,SALEM 400 - Bangalore,MAIN: Chennai MLDC,Sriperumbudur,Trichy,Madurai 230,Madurai 400,Udumalpet,Salem 230,Salem 400,Bangalore,,,,,,,,,,,,
CHENNAI,SALEM 400 - Bangalore,Protection: Chennai MLDC,Sriperumbudur,Trichy,Erode,Salem 230,Salem 400,Bangalore,,,,,,,,,,,,,,
CHENNAI,Salem 400,Chennai MLDC,Sriperumbudur,Trichy,Erode,Salem 230,Salem 400,Bangalore,,,,,,,,,,,,,,
CHENNAI,Bangalore,"SRLDC,Bengaluru",PGCIL Fibre Network,Checkkanoorani PG,230 KV Checkkanoorani,230 KV Madurai,230 KV Trichy,230 KV Sriperumpudur,"MCC,Chennai",,,,,,,,,,,,,
CHENNAI,Bangalore,Chennai MLDC,Sriperumbudur,Trichy,Madurai 230,Bangalore,,,,,,,,,,,,,,,,
CHENNAI,Bangalore,Chennai,Kalivanthapatu,Pugalur,Erode,Salem 230,Salem 400,Bangalore,,,,,,,,,,,,,,
THIRUVALAM 230 kV SS,230KV CHITTOOR,230KV CHITTOOR,,,,,,,,,,,,,,,,,,,,
UDUMALPET 230 kV SS,IDUKKI ( KSEB),UDUMALPET,IDUKKI,,,,,,,,,,,,,,,,,,,
Sub-LDC/Erode,Chennai(E1),Erode,Trichy,sriperambudur,Chennai,,,,,,,,,,,,,,,,,
Sub-LDC/Erode,Chennai(E1),Erode,Pugalur230,Pugalur400,Alagapuram repeater,Kalivanthapattu,Chennai,,,,,,,,,,,,,,,
Gummidipoondi 230 kV SS,Sulurpet 230 KV SS ( AP),GPD 230,Sulurpet 230 (PLCC) 180/184 KH.,,,,,,,,,,,,,,,,,,,
Kalivanthapattu PGCIL,Kadaperi 230KV SS,Kalivanthapattu,Kadaperi,,,,,,,,,,,,,,,,,,,
Kalivanthapattu PGCIL,Pugalur Link via Alagapuram,Kalivanthapattu,Pugalur,,,,,,,,,,,,,,,,,,,
Kadaperi 230KV SS,Porur 230KV SS,Kadaperi,Porur,,,,,,,,,,,,,,,,,,,
Alamathy  400 kV SS,Mosur 230 KV SS,Alamathy 400,Mosur 230 KV SS  through PLCC link ( 296/316 KHZ),,,,,,,,,,,,,,,,,,,
BCC Madurai,NR DELHI,Madurai,PG Network,NR DELHI,,,,,,,,,,,,,,,,,,
MADURAI 230 KV SS,Kolar,"Madurai 230,Trichy230",Erode,Salem230,"Salem PG, Hosur PG, Kolar",,,,,,,,,,,,,,,,,
KARAIKUDI 230 kV SS,Kolar,"Karaikudi 230,Karaikudi PG, Trichy PG,Nagapattinam PG,Dharmapuri PG,Salem PG,Hosur PG, Kolar",,,,,,,,,,,,,,,,,,,,
CHENNAI,Bangalore,Chennai MLDC,Sriperumbudur,Trichy,Madurai 230,Bangalore,,,,,,,,,,,,,,,,
CHENNAI,Bangalore,Chennai,"Sriperumpudur,SPKoil,Villupuram,Neyveli TS1,Neyveli TS2",Bangalore,,,,,,,,,,,,,,,,,,
TSSLDC,SRLDC,Main path: Vidyut Soudha,Ghanapur,Mamidipally,Srisailam LBPH(TSTRANSCO),Kurnool 400 KV,Somayajulapally,Gooy,Ananthapur,Muddanur,Chinakampally(APTRANSCO NW),Kadapa400,through PGCIL NW,SRLDC            Alternate path: Vidyut Soudha,Shapur Nagar,Ghanapur,Mamidipally,Maheswaram,Mahabubnagar400 KV(TSTRANSCO),Raichur 400 KV,through PGCIL NW,SRLDC
TSSLDC,SRLDC,Main path: Vidyut Soudha,Ghanapur,Mamidipally,Srisailam LBPH(TSTRANSCO),Kurnool 400 KV,Somayajulapally,Gooy,Ananthapur,Muddanur,Chinakampally(APTRANSCO NW),Kadapa400,through PGCIL NW,SRLDC            Alternate path: Vidyut Soudha,Shapur Nagar,Ghanapur,Mamidipally,Maheswaram,Mahabubnagar400 KV(TSTRANSCO),Raichur 400 KV,through PGCIL NW,SRLDC
TSSLDC,SRLDC,Vidyut Soudha,Shapur Nagar,Ghanapur,Mamidipally,Maheswaram,Mahabubnagar400 KV(TSTRANSCO),Raichur 400 KV,through PGCIL NW,SRLDC,,,,,,,,,,,,
TSSLDC,SRLDC,Main path: Vidyut Soudha,Ghanapur,Mamidipally,Srisailam LBPH(TSTRANSCO),Kurnool 400 KV,Somayajulapally,Gooy,Ananthapur,Muddanur,Chinakampally(APTRANSCO NW),Kadapa400,through PGCIL NW,SRLDC            Alternate path: Vidyut Soudha,Shapur Nagar,Ghanapur,Mamidipally,Maheswaram,Mahabubnagar400 KV(TSTRANSCO),Raichur 400 KV,through PGCIL NW,SRLDC
TSSLDC,SRLDC,Main path: Vidyut Soudha,Ghanapur,Mamidipally,Srisailam LBPH(TSTRANSCO),Kurnool 400 KV,Somayajulapally,Gooy,Ananthapur,Muddanur,Chinakampally(APTRANSCO NW),Kadapa400,through PGCIL NW,SRLDC            Alternate path: Vidyut Soudha,Shapur Nagar,Ghanapur,Mamidipally,Maheswaram,Mahabubnagar400 KV(TSTRANSCO),Raichur 400 KV,through PGCIL NW,SRLDC
TSSLDC,SRLDC,Main path: Vidyut Soudha,Ghanapur,Mamidipally,Srisailam LBPH(TSTRANSCO),Kurnool 400 KV,Somayajulapally,Gooy,Ananthapur,Muddanur,Chinakampally(APTRANSCO NW),Kadapa400,through PGCIL NW,SRLDC            Alternate path: Vidyut Soudha,Shapur Nagar,Ghanapur,Mamidipally,Maheswaram,Mahabubnagar400 KV(TSTRANSCO),Raichur 400 KV,through PGCIL NW,SRLDC
TSSLDC,SRLDC,Alternate path: Vidyut Soudha,Shapur Nagar,Ghanapur,Mamidipally,Maheswaram,Mahabubnagar400 KV(TSTRANSCO),Raichur 400 KV,through PGCIL NW,SRLDC,,,,,,,,,,,,
KOLAR,BUDIDAMPAD,Budidampad,Suryapet,Malkaram,Ghanapur,Mamidipally,Srisailam LBPH,Kurnool400 KV,Kuurnool765,(PGCIL NW),Kolar,,,,,,,,,,,
KOLAR,RAMAGUNDAM,Ramagundamm,Jagityal,Nirmal 220KV,Nirmal400KV,Sundilla,Jaipur,Ramadugu,Gajwel,Shankarpally,Kethireddypally,Mamidipally,Srisailam LBPH,Kurnool400 KV,Kuurnool765,(PGCIL NW),Kolar,,,,,
KOALAR,MAHABUB NAGAR 400 KV,Mahabub Nagar 400KV(Veltore),Nagarjuna Sagar PG,Tallapally(AP),Srisailam RBPH(AP),Sriisailam LBPH,Mamidipally,Srisailam LBPH,Kurnool400 KV,Kuurnool765,(PGCIL NW),Kolar,,,,,,,,,,
KOLAR,400 KV GAJWEL,Gajwel,Shankarpally,Kethireddypally,Mamidipally,Srisailam LBPH,Kurnool400 KV,Kuurnool765,(PGCIL NW),Kolar,,,,,,,,,,,,
SRISAILAM LBPH,SATTENAPALLY,Srisailam LBPH,Sattenapally,,,,,,,,,,,,,,,,,,,
SRISAILAM LBPH,SATTENAPALLY,Srisailam LBPH,Sattenapally,,,,,,,,,,,,,,,,,,,
SRISAILAM LBPH,SATTENAPALLY,Srisailam LBPH,Sattenapally,,,,,,,,,,,,,,,,,,,
SRISAILAM LBPH,KURNOOL 400 KV,Srisailam LBPH,Kurnool 400 KV,,,,,,,,,,,,,,,,,,,
SRISAILAM LBPH,KURNOOL 400 KV,Srisailam LBPH,Kurnool 400 KV,,,,,,,,,,,,,,,,,,,
SRISAILAM LBPH,KURNOOL 400 KV,Srisailam LBPH,Kurnool 400 KV,,,,,,,,,,,,,,,,,,,
DINDI400 KV,SRISAILAM RBPH,Dindi 400 KV,Srisailam RBPH,,,,,,,,,,,,,,,,,,,
DINDI400 KV,SRISAILAM RBPH,Dindi 400 KV,Srisailam RBPH,,,,,,,,,,,,,,,,,,,
DOMALAPENTA,SRISAILAM RBPH,Domalapenta,Srisailam RBPH,,,,,,,,,,,,,,,,,,,
DOMALAPENTA,SRISAILAM RBPH,Domalapenta,Srisailam RBPH,,,,,,,,,,,,,,,,,,,
ASUPAKA 400 KV,LOWER SILERU 220 KV,Asupaka 400 KV,Lower Sileru,,,,,,,,,,,,,,,,,,,
ASUPAKA 400 KV,LOWER SILERU 220 KV,Asupaka 400 KV,Lower Sileru,,,,,,,,,,,,,,,,,,,
VELTORE 400 KV,URAVAKONDA,Veltore 400 Kv,Uravakonda,,,,,,,,,,,,,,,,,,,
VELTORE 400 KV,URAVAKONDA,Veltore 400 Kv,Uravakonda,,,,,,,,,,,,,,,,,,,
VELTORE 400 KV,URAVAKONDA,Veltore 400 Kv,Uravakonda,,,,,,,,,,,,,,,,,,,
VELTORE 400 KV,NAGARJUNASAGAR PG,Veltore 400 Kv,Nagarjuna Sagar PG,,,,,,,,,,,,,,,,,,,
VELTORE 400 KV,NAGARJUNASAGAR PG,Veltore 400 Kv,Nagarjuna Sagar PG,,,,,,,,,,,,,,,,,,,
VELTORE 400 KV,NAGARJUNASAGAR PG,Veltore 400 Kv,Nagarjuna Sagar PG,,,,,,,,,,,,,,,,,,,
VELTORE 400 KV,RAICHUR,Veltore 400 Kv,Raichur PG,,,,,,,,,,,,,,,,,,,
VELTORE 400 KV,RAICHUR,Veltore 400 Kv,Raichur PG,,,,,,,,,,,,,,,,,,,
VELTORE 400 KV,RAICHUR,Veltore 400 Kv,Raichur PG,,,,,,,,,,,,,,,,,,,
SURYAPET 400 KV,CHILLAKALLU,Suryapet,Chillakallu,,,,,,,,,,,,,,,,,,,
SURYAPET 400 KV,CHILLAKALLU,Suryapet,Chillakallu,,,,,,,,,,,,,,,,,,,
SURYAPET 400 KV,KV KOTA,Suryapet,KV Kota,,,,,,,,,,,,,,,,,,,
SURYAPET 400 KV,KV KOTA,Suryapet,KV Kota,,,,,,,,,,,,,,,,,,,
SURYAPET 400 KV,KV KOTA,Suryapet,KV Kota,,,,,,,,,,,,,,,,,,,
SURYAPET 400 KV,VTPS-IV,Suryapet,VTPS IV,,,,,,,,,,,,,,,,,,,
SURYAPET 400 KV,VTPS-IV,Suryapet,VTPS IV,,,,,,,,,,,,,,,,,,,
SURYAPET 400 KV,VTPS-IV,Suryapet,VTPS IV,,,,,,,,,,,,,,,,,,,
220 KV TANDUR,220 KV SEDAM,Tandur,Sedam,,,,,,,,,,,,,,,,,,,
220 KV TANDUR,220 KV SEDAM,Tandur,Sedam,,,,,,,,,,,,,,,,,,,
220 KV NAGARJUNA SAGAR,220 KV TALLAPALLY,Nagarjuna Sagar,Tallapally,,,,,,,,,,,,,,,,,,,
220 KV NAGARJUNA SAGAR,220 KV TALLAPALLY,Nagarjuna Sagar,Tallapally,,,,,,,,,,,,,,,,,,,
220 KV NAGARJUNA SAGAR,220 KV TALLAPALLY,Nagarjuna Sagar,Tallapally,,,,,,,,,,,,,,,,,,,
220 KV NAGARJUNA SAGAR,220 KV TALLAPALLY,Nagarjuna Sagar,Tallapally,,,,,,,,,,,,,,,,,,,
220 KV CHALAKURTHY,220 KV TALLAPALLY,Chalakurthy,Tallapally,,,,,,,,,,,,,,,,,,,
220 KV CHALAKURTHY,220 KV TALLAPALLY,Chalakurthy,Tallapally,,,,,,,,,,,,,,,,,,,
ASUPAKA 400 KV,KALAPAKA 400,Asupaka,Kalapaka,,,,,,,,,,,,,,,,,,,
ASUPAKA 400 KV,KALAPAKA 400,Asupaka,Kalapaka,,,,,,,,,,,,,,,,,,,
KTPS Old,Nunna,KTPS,Nunna,,,,,,,,,,,,,,,,,,,
KTPS V,Lower Sileru,KTPS Vr,Lower Sileru,,,,,,,,,,,,,,,,,,,
Aswaraopeta,132 KV Kota,Aswaraopet,KV Kota,,,,,,,,,,,,,,,,,,,
Khammam,Chillakallu,Khammam,Chillakallu,,,,,,,,,,,,,,,,,,,
Kusumanchi,Chillakallu,Kusumanchi,Chillakallu,,,,,,,,,,,,,,,,,,,
Madhira,Chillakallu,Madhira,Chillakallu,,,,,,,,,,,,,,,,,,,
220 KV Pulichinthala,Chillakallu,Pulichinthala,Chillakallu,,,,,,,,,,,,,,,,,,,
132 KV Kodada,Chillakallu,Kodada,Chillakallu,,,,,,,,,,,,,,,,,,,
220 Nagarjuna sagar,220 Srisailam RBPH,Nagarjuna Sagar,Srisailam RBPH,,,,,,,,,,,,,,,,,,,
220 Nagarjuna sagar,220 Srisailam RBPH,Nagarjuna Sagar,Srisailam RBPH,,,,,,,,,,,,,,,,,,,
132 KV Alampur,220 KV AP Carbide,Alampur,AP Carbide,,,,,,,,,,,,,,,,,,,
220 KV Wanaparthy,220 KV B Kothur,Wanaparthy,B Kothur,,,,,,,,,,,,,,,,,,,
132 KV Wadapally,132 KV Piduguralla,Wadapally,Piduguralla,,,,,,,,,,,,,,,,,,,
132 KV Wadapally,132 KV Tangeda,Wadapally,Tangeda,,,,,,,,,,,,,,,,,,,
220 KV Seethapuram,220 KV Chillakallu,Seethapuram,Chillakallu,,,,,,,,,,,,,,,,,,,
Ramapuram,220 KV Chillakallu,Ramapuram,Chillakallu,,,,,,,,,,,,,,,,,,,
Bahour 230,Pondy SCC,Bahour 230,Pondy SCC,,,,,,,,,,,,,,,,,,,
Eripakkam,Pondy SCC,Eripakkam,Thirubuvanai,Villianur 230,Pondy SCC,,,,,,,,,,,,,,,,,
Thirubuvanai,Pondy SCC,Thirubuvanai,Villianur 230,Pondy SCC,,,,,,,,,,,,,,,,,,
Thethampakkam,Pondy SCC,Thethampakkam,Sedharapet,Villianur 230,Pondy SCC,,,,,,,,,,,,,,,,,
Sedharapet,Pondy SCC,Sedharapet,Villianur 230,Pondy SCC,,,,,,,,,,,,,,,,,,
Thondamanatham,Pondy SCC,Thondamanatham,Thirubuvanai,Villianur 230,Pondy SCC,,,,,,,,,,,,,,,,,
Thondamanatham,Pondy SCC,Thondamanatham,Pondy 400,Villianur 230,Pondy SCC,,,,,,,,,,,,,,,,,
Kurumbapet,Pondy SCC,Kurumbapet,Villianur 230,Pondy SCC,,,,,,,,,,,,,,,,,,
Kurumbapet,Pondy SCC,Kurumbapet,Vengata Nagar,Pondy SCC,,,,,,,,,,,,,,,,,,
Kalapet,Pondy SCC,Kalapet,Villianur 230,Pondy SCC,,,,,,,,,,,,,,,,,,
Kalapet,Pondy SCC,Kalapet,Vengata Nagar,Pondy SCC,,,,,,,,,,,,,,,,,,
Marapalam,Pondy SCC,Marapalam,Villianur 230,Pondy SCC,,,,,,,,,,,,,,,,,,
Marapalam,Pondy SCC,Marapalam,Pondy SCC,,,,,,,,,,,,,,,,,,,
Bahour 110  (Under reconfiguration),Pondy SCC,Bahour 110,Korkadu,Villanur 230,Pondy SCC,,,,,,,,,,,,,,,,,
Korkadu,Pondy SCC,Korkadu,Villanur 230,Pondy SCC,,,,,,,,,,,,,,,,,,
Villianur 230,Pondy SCC,Villianur 230,Pondy SCC,,,,,,,,,,,,,,,,,,,
Vengata Nagar,Pondy SCC,Vengata Nagar,Pondy SCC,,,,,,,,,,,,,,,,,,,
Sorakudy (Under reconfiguration),Pondy SCC,Sorakudy,Thiruvarur,Neyveli,Bahour 230 / Pondy 400,Villianur 230,Pondy SCC,,,,,,,,,,,,,,,
Karaikal 230,Pondy SCC,Pillaitheruvasal,Bahour 230 /Pondy 400,Villianur 230,Pondy SCC,,,,,,,,,,,,,,,,,
Pillaitheruvasal,T.R.Pattinam,Pillaitheruvasal,T.R.Pattinam,,,,,,,,,,,,,,,,,,,
T.R.Pattinam  (Under reconfiguration),Pondy SCC,T.R.Pattinam,Thiruvarur,Neyveli,Bahour 230 / Pondy 400,Villianur 230,Pondy SCC,,,,,,,,,,,,,,,
Mettacur (Yanam),Pondy SCC,Mettacur,Kakinada,SRLDC,Villianur 230,Pondy SCC,,,,,,,,,,,,,,,,
Mahe,Pondy SCC,Mahe,Pondy SCC,,,,,,,,,,,,,,,,,,,
